-- MySQL dump 10.16  Distrib 10.1.26-MariaDB, for debian-linux-gnu (x86_64)
--
-- Host: sql.press-glas.com    Database: baza5476
-- ------------------------------------------------------
-- Server version	5.5.40-log

/*!40101 SET @OLD_CHARACTER_SET_CLIENT=@@CHARACTER_SET_CLIENT */;
/*!40101 SET @OLD_CHARACTER_SET_RESULTS=@@CHARACTER_SET_RESULTS */;
/*!40101 SET @OLD_COLLATION_CONNECTION=@@COLLATION_CONNECTION */;
/*!40101 SET NAMES utf8 */;
/*!40103 SET @OLD_TIME_ZONE=@@TIME_ZONE */;
/*!40103 SET TIME_ZONE='+00:00' */;
/*!40014 SET @OLD_UNIQUE_CHECKS=@@UNIQUE_CHECKS, UNIQUE_CHECKS=0 */;
/*!40014 SET @OLD_FOREIGN_KEY_CHECKS=@@FOREIGN_KEY_CHECKS, FOREIGN_KEY_CHECKS=0 */;
/*!40101 SET @OLD_SQL_MODE=@@SQL_MODE, SQL_MODE='NO_AUTO_VALUE_ON_ZERO' */;
/*!40111 SET @OLD_SQL_NOTES=@@SQL_NOTES, SQL_NOTES=0 */;

--
-- Table structure for table `anastomosis`
--

DROP TABLE IF EXISTS `anastomosis`;
/*!40101 SET @saved_cs_client     = @@character_set_client */;
/*!40101 SET character_set_client = utf8 */;
CREATE TABLE `anastomosis` (
  `id` int(11) NOT NULL AUTO_INCREMENT,
  `language_id` int(10) NOT NULL,
  `name` varchar(255) COLLATE utf8_polish_ci NOT NULL,
  `type` int(10) NOT NULL DEFAULT '1',
  `status` tinyint(1) NOT NULL DEFAULT '1',
  `deleted` int(11) NOT NULL DEFAULT '2',
  `created_by` int(11) NOT NULL,
  `created_at` datetime NOT NULL,
  `modified_by` int(10) NOT NULL,
  `modified_at` datetime NOT NULL,
  `us_name` varchar(255) COLLATE utf8_polish_ci NOT NULL,
  PRIMARY KEY (`id`)
) ENGINE=InnoDB AUTO_INCREMENT=131 DEFAULT CHARSET=utf8 COLLATE=utf8_polish_ci;
/*!40101 SET character_set_client = @saved_cs_client */;

--
-- Dumping data for table `anastomosis`
--

LOCK TABLES `anastomosis` WRITE;
/*!40000 ALTER TABLE `anastomosis` DISABLE KEYS */;
INSERT INTO `anastomosis` VALUES (1,1,'4T/12/4/12/4T',3,1,2,12,'2014-09-03 12:42:46',0,'2014-09-03 12:42:46','4/12/4/12/4'),(2,1,'4/16/4T',2,1,2,12,'2014-09-03 12:42:46',12,'2014-09-03 12:42:46',''),(3,1,'4T/10 Termo/4/10 Termo/4T',3,1,2,12,'2014-09-03 12:42:46',12,'2014-09-03 12:42:46',''),(4,1,'6/16/4T',2,1,2,12,'2014-09-03 12:42:46',12,'2014-09-03 12:42:46',''),(5,1,'6,4 (VSG 33.1)/16/4T',2,1,2,12,'2014-09-03 12:42:46',0,'2014-09-03 12:42:46',''),(6,1,'6/16/6,4T (VSG 33.1T)',2,1,2,12,'2014-09-03 12:42:46',0,'2014-09-03 12:42:46',''),(7,1,'6T/12/3/12/4T',3,1,2,12,'2014-09-03 12:42:46',12,'2014-09-03 12:42:46',''),(8,1,'12 Float',1,1,2,12,'2014-09-03 12:42:46',12,'2014-09-03 12:42:46',''),(9,1,'8,8T (VSG 44.2T)/12/4/12/4T',3,1,2,12,'2014-09-03 12:42:46',0,'2014-09-03 12:42:46',''),(10,1,'6,4T (VSG 33.1T)/12/6/12/4T',3,1,2,12,'2014-09-03 12:42:46',0,'2014-09-03 12:42:46',''),(11,1,'6T/12/5/12/4T',3,1,2,12,'2014-09-03 12:42:46',12,'2014-09-03 12:42:46',''),(12,1,'8/16/4T',2,1,2,12,'2014-09-03 12:42:46',12,'2014-09-03 12:42:46',''),(13,1,'8/18/4T',2,1,2,12,'2014-09-03 12:42:46',12,'2014-09-03 12:42:46',''),(14,1,'8/20/5T',2,1,2,12,'2014-09-03 12:42:46',12,'2014-09-03 12:42:46',''),(15,1,'6,4T (VSG 33.1T)/12/4/12/6,4 (VSG 33.1T)',3,1,2,12,'2014-09-03 12:42:46',0,'2014-09-03 12:42:46',''),(16,1,'10/16/4T',2,1,2,12,'2014-09-03 12:42:46',12,'2014-09-03 12:42:46',''),(17,1,'8/16/6,8T (VSG 33.2T) ',2,1,2,12,'2014-09-03 12:42:46',0,'2014-09-03 12:42:46',''),(18,1,'8T/12/6/12 /6T',3,1,2,12,'2014-09-03 12:42:46',12,'2014-09-03 12:42:46',''),(19,1,'6,4T (VSG 33.1T) Acoustic/12/6/12/4T',3,1,2,12,'2014-09-03 12:42:46',0,'2014-09-03 12:42:46',''),(20,1,'8/20/4T',2,1,2,12,'2014-09-03 12:42:46',12,'2014-09-03 12:42:46',''),(21,1,'8/16/8,8T (VSG 44.2T)',2,1,2,12,'2014-09-03 12:42:46',0,'2014-09-03 12:42:46',''),(22,1,'8,8 (VSG 44.2)/16/4T',2,1,2,12,'2014-09-03 12:42:46',0,'2014-09-03 12:42:46',''),(23,1,'15 Float',1,1,2,12,'2014-09-03 12:42:46',12,'2014-09-03 12:42:46',''),(24,1,'12,8 (VSG 66.2)',1,1,2,12,'2014-09-03 12:42:46',0,'2014-09-03 12:42:46',''),(25,1,'8,4 (VSG 44.1)/16/6T',2,1,2,12,'2014-09-03 12:42:46',0,'2014-09-03 12:42:46',''),(26,1,'8T/12/4/12/6T',3,1,2,12,'2014-09-03 12:42:46',12,'2014-09-03 12:42:46',''),(27,1,'8T/12/8/12/6,8T (VSG 33.2T)',3,1,2,12,'2014-09-03 12:42:46',0,'2014-09-03 12:42:46',''),(28,1,'8,8T (VSG 44.2T)/12/4/12/6,4T (VSG 33.1T)',3,1,2,12,'2014-09-03 12:42:46',0,'2014-09-03 12:42:46',''),(29,1,'10/12/6/12/4 ',3,1,2,12,'2014-09-03 12:42:46',12,'2014-09-03 12:42:46',''),(30,1,'8.4 (VSG 44.1) Acoustic/16/4T',2,1,2,12,'2014-09-03 12:42:46',12,'2014-09-03 12:42:46',''),(31,1,'16,8 (VSG 88.2)',1,1,2,12,'2014-09-03 12:42:46',0,'2014-09-03 12:42:46',''),(32,1,'8,8 (VSG 44.2)/16/6T',2,1,2,12,'2014-09-03 12:42:46',0,'2014-09-03 12:42:46',''),(33,1,'8,8 (VSG 44.2)/20/6T',2,1,2,12,'2014-09-03 12:42:46',0,'2014-09-03 12:42:46',''),(34,1,'9,5T (44.4T)/12/6/12/6T',3,1,2,12,'2014-09-03 12:42:46',0,'2014-09-03 12:42:46',''),(35,1,'6T/14/4/14/ 9,5T (VSG 44.4T)',3,1,2,12,'2014-09-03 12:42:46',0,'2014-09-03 12:42:46',''),(36,1,'6,4 (VSG 33.1) Acoustic/16/6T',2,1,2,12,'2014-09-03 12:42:46',0,'2014-09-03 12:42:46',''),(37,1,'9,5 (VSG 44.4)/16/6T',2,1,2,12,'2014-09-03 12:42:46',0,'2014-09-03 12:42:46',''),(38,1,'8,8 (VSG 44.2)/16/6,4T (VSG 33.1T)',2,1,2,12,'2014-09-03 12:42:46',0,'2014-09-03 12:42:46',''),(39,1,'6,4 (VSG 33.1) Acoustic/12/6,4T (VSG 33.1T) Acoustic',2,1,2,12,'2014-09-03 12:42:46',0,'2014-09-03 12:42:46',''),(40,1,'6/16/10,8T (VSG 55.2T)',2,1,2,12,'2014-09-03 12:42:46',0,'2014-09-03 12:42:46',''),(41,1,'8/20/8,8T (VSG 44.2T)',2,1,2,12,'2014-09-03 12:42:46',0,'2014-09-03 12:42:46',''),(42,1,'10/16/12,8T (VSG 66.2T)',2,1,2,12,'2014-09-03 12:42:46',0,'2014-09-03 12:42:46',''),(43,1,'6/20/10,8T (VSG 55.2T)',2,1,2,12,'2014-09-03 12:42:46',0,'2014-09-03 12:42:46',''),(44,1,'8,4 (VSG 44.1) Acoustic/16/6T',2,1,2,12,'2014-09-03 12:42:46',0,'2014-09-03 12:42:46',''),(45,1,'8/16/10,8T (VSG 55.2T)',2,1,2,12,'2014-09-03 12:42:46',0,'2014-09-03 12:42:46',''),(46,1,'8,8 (VSG 44.2) Acoustic/16/6T',2,1,2,12,'2014-09-03 12:42:46',0,'2014-09-03 12:42:46',''),(47,1,'8T/12/4/12/10,8T (VSG 55.2T)',3,1,2,12,'2014-09-03 12:42:46',0,'2014-09-03 12:42:46',''),(48,1,'8,8 (VSG 44.2) Acoustic/20/6T',2,1,2,12,'2014-09-03 12:42:46',0,'2014-09-03 12:42:46',''),(49,1,'6/16/10,8T (VSG 55.2T) Acoustic',2,1,2,12,'2014-09-03 12:42:46',0,'2014-09-03 12:42:46',''),(50,1,'8/16/8,8T (VSG 44.2T) Acoustic',2,1,2,12,'2014-09-03 12:42:46',0,'2014-09-03 12:42:46',''),(51,1,'10/24/8,8T (VSG 44.2T)',2,1,2,12,'2014-09-03 12:42:46',0,'2014-09-03 12:42:46',''),(52,1,'6T/12/4/12/8,8T (VSG 44.2T) Acoustic',3,1,2,12,'2014-09-03 12:42:46',0,'2014-09-03 12:42:46',''),(53,1,'6/20/10,8T (VSG 55.2T) Acoustic',2,1,2,12,'2014-09-03 12:42:46',0,'2014-09-03 12:42:46',''),(54,1,'9,5 (VSG 44.4)/16/12,8T (VSG 66.2T)',2,1,2,12,'2014-09-03 12:42:46',0,'2014-09-03 12:42:46',''),(55,1,'8T/12/6/12/ 8,8T (VSG 44.2T) Acoustic',3,1,2,12,'2014-09-03 12:42:46',0,'2014-09-03 12:42:46',''),(56,1,'8,8T (VSG 44.2T) Acoustic/12/6/10/10',3,1,2,12,'2014-09-03 12:42:46',0,'2014-09-03 12:42:46',''),(57,1,'8/16/10,8T (VSG 55.2T) Acoustic',2,1,2,12,'2014-09-03 12:42:46',0,'2014-09-03 12:42:46',''),(58,1,'8T/12/6/12/10,8T (VSG 55.2T) Acoustic',3,1,2,12,'2014-09-03 12:42:46',0,'2014-09-03 12:42:46',''),(59,1,'8/20/8,4T (VSG 44.1T) Acoustic',2,1,2,12,'2014-09-03 12:42:46',0,'2014-09-03 12:42:46',''),(60,1,'9,5T (VSG 44.4T)/14/4/14/9,5T (VSG 44.4T) Acoustic ',3,1,2,12,'2014-09-03 12:42:46',0,'2014-09-03 12:42:46',''),(61,1,'10/16/8,8T (VSG 44.2T) Acoustic',2,1,2,12,'2014-09-03 12:42:46',0,'2014-09-03 12:42:46',''),(62,1,'10/16/12,8T (VSG 66.2T) Acoustic',2,1,2,12,'2014-09-03 12:42:46',0,'2014-09-03 12:42:46',''),(63,1,'9,5 (VSG 44.4)/20/8,8T (VSG 44.2T) Acoustic',2,1,2,12,'2014-09-03 12:42:46',0,'2014-09-03 12:42:46',''),(64,1,'10T/12/6/12/12,8T (VSG 66.2T) Acoustic',3,1,2,12,'2014-09-03 12:42:46',0,'2014-09-03 12:42:46',''),(65,1,'10/20/8,8T (VSG 44.2T) Acoustic',2,1,2,12,'2014-09-03 12:42:46',0,'2014-09-03 12:42:46',''),(66,1,'10/20/10,8T (VSG 55.2T) Acoustic',2,1,2,12,'2014-09-03 12:42:46',0,'2014-09-03 12:42:46',''),(67,1,'16,8 (VSG 88.2) Acoustic/16/12,8T (VSG 66.2T) Acoustic',2,1,2,12,'2014-09-03 12:42:46',0,'2014-09-03 12:42:46',''),(68,1,'12,8 (VSG 66.2) Acoustic/20/8,8T (VSG 44.2T) Acoustic',2,1,2,12,'2014-09-03 12:42:46',0,'2014-09-03 12:42:46','12,8 (Lami. 66.2) Acoustic/20/8,8 (Lami. 44.2) Acoustic'),(69,1,'15,5 (VSG 68.4) Acoustic/15/16,8T (VSG 88.2T) Acoustic',2,1,2,12,'2014-09-03 12:42:46',0,'2014-09-03 12:42:46',''),(70,1,'16,8 (VSG 88.2) Acoustic/20/12,8T (VSG 66.2T) Acoustic',2,1,2,12,'2014-09-03 12:42:46',0,'2014-09-03 12:42:46','16,8 (Lami. 88.2) Acoustic/20/12,8 (Lami. 66.2) Acoustic'),(71,1,'15,5 (VSG 68.4) Acoustic/15/4/12/16,8T (VSG 88.2T) Acoustic',3,1,2,12,'2014-09-03 12:42:46',0,'2014-09-03 12:42:46','15,5 (Lami 68.4) Acoustic/15/4/12/16,8 (Lami 88.2) Acoustic'),(72,1,'8/12/8,4T (VSG 44.1T) Acoustic',2,1,2,18,'2015-07-07 14:45:10',18,'2015-07-07 14:45:10',''),(73,1,'13,5 (VSG 66.4)/16/12T',2,1,2,18,'2015-07-07 15:02:01',18,'2015-07-07 15:02:01',''),(74,1,'13,5 (VSG 66.4)/16/8T',2,1,2,18,'2015-07-07 15:10:04',18,'2015-07-07 15:10:04',''),(75,1,'10,8 (VSG 55.2) Acoustic/12/8,8T (VSG 44.2T) Acoustic',2,1,2,18,'2015-07-07 15:29:20',18,'2015-07-07 15:29:20',''),(76,1,'6/12/8,4T (VSG 44.1T) Acoustic',1,1,2,18,'2015-07-07 15:58:31',18,'2015-07-07 15:58:31',''),(77,1,'11,5 (VSG 55.4)/20/13,5 (VSG 66.4)',2,1,2,18,'2015-08-05 10:03:58',0,'2015-08-05 10:03:58',''),(84,1,'8/20/10,8 (VSG 55.2)',2,1,2,13,'2016-02-04 09:39:13',0,'2016-02-04 09:39:13','8/20/10,8 (Lami. 55.2)'),(85,1,'6/12/6T',2,1,2,21,'2016-06-30 15:41:52',0,'2016-06-30 15:41:52','6/12/6'),(86,1,'6T/12/6/12/6T',3,1,2,21,'2016-06-30 15:48:11',0,'2016-06-30 15:48:11','6/12/6/12/6'),(87,1,'8,8T (VSG 44.2T)/12/4/12/8,8T (VSG 44.2T)',3,1,2,21,'2016-07-01 15:16:05',0,'2016-07-01 15:16:05','8,8 (Lami. 44.2)/12/4/12/8,8 (Lami. 44.2)'),(88,1,'8,8T (VSG 44.2T)/12/6/12/8,8T (VSG 44.2T)',3,1,2,21,'2016-07-01 15:33:11',0,'2016-07-01 15:33:11','8,8 (Lami. 44.2)/12/6/12/8,8 (Lami. 44.2)'),(89,1,'4T/12/4/12/6,4T (VSG 33.1T)',3,1,2,21,'2016-07-01 16:00:07',0,'2016-07-01 16:00:07','4/12/4/12/6,4 (Lami. 33.1)'),(90,1,'8T/12/6/12/10,8T (VSG 55.2T)',3,1,2,21,'2016-07-01 16:10:22',0,'2016-07-01 16:10:22','8/12/6/12/10,8 (Lami. 55.2)'),(91,1,'8,8 (VSG 44.2)/12/8,8T (VSG 44.2T)',2,1,2,21,'2016-07-01 16:18:35',0,'2016-07-01 16:18:35','8,8 (Lami. 44.2)/12/8,8 (Lami. 44.2)'),(92,1,'6,4 (VSG 33.1)/12/6,4T (VSG 33.1T)',2,1,2,21,'2016-07-01 16:37:45',0,'2016-07-01 16:37:45','6,4 (Lami. 33.1)/12/6,4 (Lami. 33.1)'),(93,1,'8,8 (VSG 44.2T) Acoustic/12/6/12/12,8T (VSG 66.2T) Acoustic',3,1,2,21,'2016-09-30 14:28:51',0,'2016-09-30 14:28:51','8,8 (VSG 44.2) Acoustic/12/6/12/12,8 (VSG 66.2) Acoustic'),(94,1,'10,8T (VSG 55.2T) Acoustic/16/6/16/8T',3,1,2,21,'2016-09-30 15:12:29',0,'2016-09-30 15:12:29',''),(95,1,'6T/12/4/12/4T',3,1,2,21,'2016-12-07 09:28:05',0,'2016-12-07 09:28:05','6/12/4/12/4'),(96,1,'8/14/6T',2,1,2,21,'2016-12-07 09:34:58',0,'2016-12-07 09:34:58','8/14/6'),(97,1,'6T/12/6/12/8,8T (VSG 44.2T)',3,1,2,21,'2016-12-07 09:45:02',0,'2016-12-07 09:45:02','6/12/6/12/8,8 (Lami. 44.2)'),(98,1,'6T/12/6/12/8,8T (VSG 44.2T) Acoustic',3,1,2,21,'2016-12-07 09:52:59',0,'2016-12-07 09:52:59','6/12/6/12/8,8 (Lami. 44.2) Acoustic'),(99,1,'12,8 (VSG 66.2) Acoustic',1,1,2,21,'2016-12-13 08:43:09',0,'2016-12-13 08:43:09','12,8 (Lami. 66.2) Acoustic'),(100,1,'16,8 (VSG 88.2) Acoustic',1,1,2,21,'2016-12-13 08:53:40',0,'2016-12-13 08:53:40','16,8 (Lami. 88.2) Acoustic'),(101,1,'10/14/16,8T (VSG 88.2T)',2,1,2,21,'2016-12-13 09:17:58',0,'2016-12-13 09:17:58','10/14/16,8 (Lami. 88.2)'),(102,1,'6T/12/6/12/10,8T (VSG 55.2T)',3,1,2,21,'2016-12-13 09:35:38',0,'2016-12-13 09:35:38','6/12/6/12/10,8 (Lami. 55.2)'),(103,1,'12,8 (VSG 66.2)/12/8,8T (VSG 44.2T)',2,1,2,21,'2016-12-13 09:42:46',0,'2016-12-13 09:42:46','12,8 (Lami. 66.2)/12/8,8 (Lami. 44.2)'),(104,1,'8T/12/8/12/10,8T (VSG 55.2T)',3,1,2,21,'2016-12-13 09:50:00',0,'2016-12-13 09:50:00','8/12/8/12/10,8 (Lami. 55.2)'),(105,1,'12,8 (VSG 66.2) Acoustic/12/8T',2,1,2,21,'2017-02-21 09:09:54',0,'2017-02-21 09:09:54','12,8 (Lami. 66.2) Acoustic/12/8'),(106,1,'8T/12/6/12/8,8T(44.2T)',3,1,2,21,'2017-02-21 09:24:48',0,'2017-02-21 09:24:48','8/12/6/12/8,8 (Lami. 44.2)'),(107,1,'12,8 (VSG 66.2) Acoustic/12/10T',2,1,2,21,'2017-02-21 09:40:07',0,'2017-02-21 09:40:07','12,8 (Lami. 66.2) Acoustic/12/10'),(108,1,'16,8 (VSG 88.2) Acoustic/12/10T',2,1,2,21,'2017-02-21 09:46:59',0,'2017-02-21 09:46:59','16,8 (Lami. 88.2) Acoustic/12/10'),(109,1,'15,5T (VSG 68.4T) Acoustic/12/4/12/15T (VSG 66.8T) Acoustic',3,1,2,21,'2017-02-21 09:57:20',0,'2017-02-21 09:57:20','15,5 (Lami. 68.4) Acoustic/12/4/12/15 (Lami. 66.8) Acoustic'),(110,1,'6T/12/4/12/8,8T (VSG 44.2T)',3,1,2,21,'2017-05-16 08:28:38',0,'2017-05-16 08:28:38','6/12/4/12/8,8 (Lami. 44.2)'),(111,1,'8T/16/6/16/12,8T (VSG 66.2T)',3,1,2,21,'2017-05-16 08:34:32',0,'2017-05-16 08:34:32','8/16/6/16/12,8 (Lami. 66.2)'),(112,1,'8T/16/6/16/12,8T (VSG 66.2T) Acoustic',3,1,2,21,'2017-05-16 08:38:41',0,'2017-05-16 08:38:41','8/16/6/16/12,8 (Lami. 66.2) Acoustic'),(113,1,'12,8 (VSG 66.2) Acoustic/16/8,8T (VSG 44.2T) Acoustic',2,1,2,21,'2017-05-16 08:58:55',0,'2017-05-16 08:58:55','12,8 (Lami. 66.2) Acoustic/16/8,8 (Lami. 44.2) Acoustic'),(114,1,'12,8 (VSG 66.2)/12/6T',2,1,2,21,'2017-05-30 15:29:18',0,'2017-05-30 15:29:18','12,8 (Lami. 66.2)/12/6'),(115,1,'12,8T (VSG 66.2T)/12/6/12/6T',3,1,2,21,'2017-05-30 15:34:48',0,'2017-05-30 15:34:48','12,8 (Lami. 66.2)/12/6/12/6'),(116,1,'8,8 (VSG 44.2) Acoustic/12/8,8T (VSG 44.2T)',2,1,2,21,'2017-05-30 15:40:22',0,'2017-05-30 15:40:22','8,8 (Lami. 44.2) Acoustic/12/8,8 (Lami. 44.2)'),(117,1,'12,8T (VSG 66.2T)/16/4/16/6T',3,1,2,21,'2017-08-23 12:06:14',0,'2017-08-23 12:06:14','12,8 (Lami. 66.2)/16/4/16/6'),(118,1,'12,8T (VSG 66.2T)/16/4/16/9,5T (VSG 44.4T)',3,1,2,21,'2017-08-23 12:24:11',0,'2017-08-23 12:24:11','12,8 (Lami. 66.2)/16/4/16/9,5 (Lami. 44.4)'),(119,1,'12,8T (VSG 66.2T)/16/4/16/27,8T P8B',3,1,2,21,'2017-08-23 12:34:48',0,'2017-08-23 12:34:48','12,8 (Lami. 66.2)/16/4/16/27,8 P8B'),(120,1,'13,5T (VSG 66.4T) Acoustic/14/12,8T (VSG 12.8T) Acoustic',2,1,2,21,'2017-09-12 08:47:25',0,'2017-09-12 08:47:25','13,5 (Lami. 66.4) Acoustic/14/12,8 (Lami. 66.2) Acoustic'),(129,1,'Zespolenie testowe',2,1,1,13,'2017-12-04 11:33:22',0,'2017-12-04 11:33:22','Zespolenie testowe_US'),(130,1,'Zespolenie testowe 2',1,1,1,13,'2017-12-04 17:40:17',0,'2017-12-04 17:40:17','Zespolenie testowe 2 US');
/*!40000 ALTER TABLE `anastomosis` ENABLE KEYS */;
UNLOCK TABLES;

--
-- Table structure for table `anastomosis_attributes`
--

DROP TABLE IF EXISTS `anastomosis_attributes`;
/*!40101 SET @saved_cs_client     = @@character_set_client */;
/*!40101 SET character_set_client = utf8 */;
CREATE TABLE `anastomosis_attributes` (
  `id` int(10) NOT NULL AUTO_INCREMENT,
  `anastomosis_id` int(10) NOT NULL,
  `attribute_id` int(10) DEFAULT NULL,
  `value` varchar(10) COLLATE utf8_polish_ci NOT NULL,
  PRIMARY KEY (`id`),
  KEY `anastomosis_id` (`anastomosis_id`),
  KEY ` attribute_id` (`attribute_id`),
  CONSTRAINT `anastomosis_attributes_ibfk_1` FOREIGN KEY (`anastomosis_id`) REFERENCES `anastomosis` (`id`) ON DELETE NO ACTION ON UPDATE NO ACTION,
  CONSTRAINT `anastomosis_attributes_ibfk_2` FOREIGN KEY (`attribute_id`) REFERENCES `attributes` (`id`) ON DELETE NO ACTION ON UPDATE NO ACTION
) ENGINE=InnoDB AUTO_INCREMENT=12627 DEFAULT CHARSET=utf8 COLLATE=utf8_polish_ci;
/*!40101 SET character_set_client = @saved_cs_client */;

--
-- Dumping data for table `anastomosis_attributes`
--

LOCK TABLES `anastomosis_attributes` WRITE;
/*!40000 ALTER TABLE `anastomosis_attributes` DISABLE KEYS */;
INSERT INTO `anastomosis_attributes` VALUES (62,3,10,'31'),(63,3,12,'-1'),(64,3,13,'-5'),(65,3,14,'30'),(66,3,15,'26'),(67,3,43,'4'),(68,3,44,'4'),(69,3,45,'4'),(70,3,38,'32'),(71,3,39,'1'),(72,3,40,'1'),(73,3,41,'1'),(74,3,42,'30'),(75,3,16,'27.9'),(76,3,17,'27.8'),(77,3,18,'25'),(78,3,19,'25.7'),(79,3,20,'24.2'),(80,3,21,'21.5'),(81,3,23,'14.1'),(82,3,24,'18.9'),(83,3,25,'19.7'),(84,3,26,'23.5'),(85,3,27,'27.2'),(86,3,28,'31.8'),(87,3,29,'37.2'),(88,3,30,'42.4'),(89,3,31,'47'),(90,3,32,'50.1'),(91,3,33,'50.2'),(92,3,34,'45.4'),(93,3,35,'37.9'),(94,3,36,'45.7'),(95,3,37,'53.3'),(96,4,10,'34'),(97,4,12,'-1'),(98,4,13,'-5'),(99,4,14,'33'),(100,4,15,'29'),(101,4,43,'6'),(102,4,45,'4'),(103,4,38,'26'),(104,4,39,'1'),(105,4,40,'1'),(106,4,41,'1'),(107,4,42,'25'),(108,4,16,'37'),(109,4,17,'19.7'),(110,4,18,'27'),(111,4,19,'26.9'),(112,4,20,'25.9'),(113,4,21,'16.4'),(114,4,23,'18.7'),(115,4,24,'24.3'),(116,4,25,'24.6'),(117,4,26,'26.7'),(118,4,27,'30.9'),(119,4,28,'34.5'),(120,4,29,'40.2'),(121,4,30,'44.9'),(122,4,31,'46.9'),(123,4,32,'44.5'),(124,4,33,'39.3'),(125,4,34,'41.9'),(126,4,35,'40'),(127,4,36,'44.2'),(128,4,37,'47.9'),(320,11,10,'36'),(321,11,12,'-2'),(322,11,13,'-6'),(323,11,14,'34'),(324,11,15,'30'),(325,11,43,'6'),(326,11,44,'5'),(327,11,45,'4'),(328,11,38,'39'),(329,11,39,'1'),(330,11,40,'1'),(331,11,41,'1'),(332,11,42,'37.5'),(333,11,16,'29.8'),(334,11,17,'31.3'),(335,11,18,'29.5'),(336,11,19,'25.2'),(337,11,20,'20.3'),(338,11,21,'20.1'),(339,11,23,'19.5'),(340,11,24,'24.2'),(341,11,25,'25.1'),(342,11,26,'29.1'),(343,11,27,'32.2'),(344,11,28,'35.9'),(345,11,29,'41'),(346,11,30,'45.6'),(347,11,31,'48.4'),(348,11,32,'48.1'),(349,11,33,'44.5'),(350,11,34,'45.8'),(351,11,35,'43.9'),(352,11,36,'49.2'),(353,11,37,'54.5'),(354,12,10,'36'),(355,12,12,'-2'),(356,12,13,'-6'),(357,12,14,'34'),(358,12,15,'30'),(359,12,43,'8'),(360,12,45,'4'),(361,12,38,'28'),(362,12,39,'1'),(363,12,40,'1'),(364,12,41,'1'),(365,12,42,'30'),(366,12,16,'39.9'),(367,12,17,'28.3'),(368,12,18,'30.8'),(369,12,19,'28.6'),(370,12,20,'25.5'),(371,12,21,'17.6'),(372,12,23,'22'),(373,12,24,'23.5'),(374,12,25,'25.3'),(375,12,26,'26.7'),(376,12,27,'34'),(377,12,28,'38.3'),(378,12,29,'39.8'),(379,12,30,'43.1'),(380,12,31,'42.1'),(381,12,32,'41.3'),(382,12,33,'44.2'),(383,12,34,'45'),(384,12,35,'41.2'),(385,12,36,'46'),(386,12,37,'49.7'),(417,14,10,'36'),(418,14,12,'-1'),(419,14,13,'-5'),(420,14,14,'35'),(421,14,15,'31'),(422,14,43,'8'),(423,14,45,'5'),(424,14,38,'33'),(425,14,39,'1'),(426,14,40,'1'),(427,14,41,'1'),(428,14,42,'32.5'),(429,14,16,'22.3'),(430,14,17,'29.9'),(431,14,18,'29.1'),(432,14,19,'23.4'),(433,14,20,'23'),(434,14,21,'18'),(435,14,23,'22'),(436,14,24,'25.2'),(437,14,25,'27.9'),(438,14,26,'30.1'),(439,14,27,'33.3'),(440,14,28,'36.6'),(441,14,29,'40.9'),(442,14,30,'42.7'),(443,14,31,'41.4'),(444,14,32,'40.1'),(445,14,33,'40.2'),(446,14,34,'39.2'),(447,14,35,'43.7'),(448,14,36,'49.9'),(449,14,37,'56.5'),(484,16,10,'37'),(485,16,12,'-3'),(486,16,13,'-7'),(487,16,14,'34'),(488,16,15,'30'),(489,16,43,'10'),(490,16,45,'4'),(491,16,38,'30'),(492,16,39,'1'),(493,16,40,'1'),(494,16,41,'1'),(495,16,42,'35'),(496,16,16,'32.9'),(497,16,17,'32.9'),(498,16,18,'28.4'),(499,16,19,'26.5'),(500,16,20,'26.6'),(501,16,21,'22.5'),(502,16,23,'16.7'),(503,16,24,'25.9'),(504,16,25,'26.3'),(505,16,26,'33.3'),(506,16,27,'34.5'),(507,16,28,'37.9'),(508,16,29,'41.1'),(509,16,30,'40.3'),(510,16,31,'42.3'),(511,16,32,'43.4'),(512,16,33,'48.1'),(513,16,34,'49.4'),(514,16,35,'44.5'),(515,16,36,'49.9'),(516,16,37,'55.7'),(550,18,10,'37'),(551,18,12,'-2'),(552,18,13,'-6'),(553,18,14,'35'),(554,18,15,'31'),(555,18,43,'8'),(556,18,44,'6'),(557,18,45,'6'),(558,18,38,'44'),(559,18,39,'1'),(560,18,40,'1'),(561,18,41,'1'),(562,18,42,'50'),(563,18,16,'29.8'),(564,18,17,'30.5'),(565,18,18,'30.3'),(566,18,19,'21.3'),(567,18,20,'15.6'),(568,18,21,'23.3'),(569,18,23,'22.9'),(570,18,24,'25'),(571,18,25,'31.1'),(572,18,26,'33.4'),(573,18,27,'38.5'),(574,18,28,'42.2'),(575,18,29,'44.9'),(576,18,30,'45.7'),(577,18,31,'42.3'),(578,18,32,'40.6'),(579,18,33,'36.3'),(580,18,34,'40.5'),(581,18,35,'48.4'),(582,18,36,'55.9'),(583,18,37,'62'),(799,26,10,'38'),(800,26,12,'-1'),(801,26,13,'-5'),(802,26,14,'37'),(803,26,15,'33'),(804,26,43,'8'),(805,26,44,'4'),(806,26,45,'6'),(807,26,38,'42'),(808,26,39,'1'),(809,26,40,'1'),(810,26,41,'1'),(811,26,42,'45'),(812,26,16,'27.8'),(813,26,17,'32.7'),(814,26,18,'31.2'),(815,26,19,'23.4'),(816,26,20,'20.7'),(817,26,21,'20.1'),(818,26,23,'24.9'),(819,26,24,'29.1'),(820,26,25,'30'),(821,26,26,'33.5'),(822,26,27,'36.8'),(823,26,28,'39.8'),(824,26,29,'42.6'),(825,26,30,'43.3'),(826,26,31,'39.7'),(827,26,32,'41.2'),(828,26,33,'39.7'),(829,26,34,'43.4'),(830,26,35,'49.9'),(831,26,36,'55.8'),(832,26,37,'59.9'),(902,29,10,'39'),(903,29,12,'-2'),(904,29,13,'-7'),(905,29,14,'37'),(906,29,15,'32'),(907,29,43,'10'),(908,29,44,'6'),(909,29,45,'4'),(910,29,38,'44'),(911,29,39,'1'),(912,29,40,'1'),(913,29,41,'1'),(914,29,42,'50'),(915,29,16,'32.6'),(916,29,17,'30'),(917,29,18,'30.1'),(918,29,19,'23.1'),(919,29,20,'18.1'),(920,29,21,'24'),(921,29,23,'22.1'),(922,29,24,'28.6'),(923,29,25,'29.9'),(924,29,26,'34.9'),(925,29,27,'36.4'),(926,29,28,'38.7'),(927,29,29,'42.1'),(928,29,30,'42.2'),(929,29,31,'42.9'),(930,29,32,'45.4'),(931,29,33,'48.3'),(932,29,34,'49.7'),(933,29,35,'46.7'),(934,29,36,'54'),(935,29,37,'62'),(2811,2,10,'31'),(2812,2,12,'-2'),(2813,2,13,'-5'),(2814,2,14,'29'),(2815,2,15,'26'),(2816,2,16,'0'),(2817,2,17,'0'),(2818,2,18,'0'),(2819,2,19,'24.1'),(2820,2,20,'25.4'),(2821,2,21,'22.3'),(2822,2,23,'18.4'),(2823,2,24,'15.5'),(2824,2,25,'20.2'),(2825,2,26,'22.2'),(2826,2,27,'27.3'),(2827,2,28,'32.2'),(2828,2,29,'37'),(2829,2,30,'41'),(2830,2,31,'44.5'),(2831,2,32,'45.4'),(2832,2,33,'46'),(2833,2,34,'38.4'),(2834,2,35,'32.8'),(2835,2,36,'43.1'),(2836,2,37,'48.3'),(2837,2,38,'24'),(2838,2,39,'1'),(2839,2,40,'1'),(2840,2,41,'1'),(2841,2,42,'20'),(2842,2,43,'4'),(2843,2,44,''),(2844,2,45,'4'),(3457,13,10,'36'),(3458,13,12,'-1'),(3459,13,13,'-5'),(3460,13,14,'35'),(3461,13,15,'31'),(3462,13,16,'0'),(3463,13,17,'0'),(3464,13,18,'0'),(3465,13,19,'26.7'),(3466,13,20,'23.8'),(3467,13,21,'18.3'),(3468,13,23,'20.8'),(3469,13,24,'24.7'),(3470,13,25,'26.2'),(3471,13,26,'29.4'),(3472,13,27,'34.3'),(3473,13,28,'39.4'),(3474,13,29,'40.7'),(3475,13,30,'43.4'),(3476,13,31,'43.5'),(3477,13,32,'42.5'),(3478,13,33,'44.5'),(3479,13,34,'46.3'),(3480,13,35,'41.7'),(3481,13,36,'47.6'),(3482,13,37,'52.3'),(3483,13,38,'30'),(3484,13,39,'1'),(3485,13,40,'1'),(3486,13,41,'1'),(3487,13,42,'30'),(3488,13,43,'8'),(3489,13,44,''),(3490,13,45,'4'),(3491,8,10,'35'),(3492,8,12,'-1'),(3493,8,13,'-3'),(3494,8,14,'34'),(3495,8,15,'32'),(3496,8,16,'0'),(3497,8,17,'0'),(3498,8,18,'0'),(3499,8,19,'29'),(3500,8,20,'29.2'),(3501,8,21,'27.1'),(3502,8,23,'27.6'),(3503,8,24,'30.2'),(3504,8,25,'32.1'),(3505,8,26,'33.5'),(3506,8,27,'34.7'),(3507,8,28,'34'),(3508,8,29,'33'),(3509,8,30,'31.1'),(3510,8,31,'30.8'),(3511,8,32,'34.8'),(3512,8,33,'39.2'),(3513,8,34,'42.9'),(3514,8,35,'46.4'),(3515,8,36,'48.6'),(3516,8,37,'50.9'),(3517,8,38,'12'),(3518,8,39,'1'),(3519,8,40,'1'),(3520,8,41,'1'),(3521,8,42,'30'),(3522,8,43,'12'),(3523,8,44,''),(3524,8,45,''),(3525,7,10,'35'),(3526,7,12,'-2'),(3527,7,13,'-7'),(3528,7,14,'33'),(3529,7,15,'28'),(3530,7,16,'0'),(3531,7,17,'0'),(3532,7,18,'0'),(3533,7,19,'23.9'),(3534,7,20,'20'),(3535,7,21,'18'),(3536,7,23,'15.8'),(3537,7,24,'23.6'),(3538,7,25,'26.7'),(3539,7,26,'29'),(3540,7,27,'31.4'),(3541,7,28,'34.8'),(3542,7,29,'39.1'),(3543,7,30,'44.8'),(3544,7,31,'48.6'),(3545,7,32,'47.8'),(3546,7,33,'44.9'),(3547,7,34,'45'),(3548,7,35,'42.4'),(3549,7,36,'46.9'),(3550,7,37,'52.5'),(3551,7,38,'37'),(3552,7,39,'1'),(3553,7,40,'1'),(3554,7,41,'1'),(3555,7,42,'32.5'),(3556,7,43,'6'),(3557,7,44,'3'),(3558,7,45,'4'),(3729,23,10,'37'),(3730,23,12,'-1'),(3731,23,13,'-3'),(3732,23,14,'36'),(3733,23,15,'34'),(3734,23,16,'0'),(3735,23,17,'0'),(3736,23,18,'0'),(3737,23,19,'28.7'),(3738,23,20,'33.3'),(3739,23,21,'29.8'),(3740,23,23,'32.6'),(3741,23,24,'32.2'),(3742,23,25,'33.7'),(3743,23,26,'33.8'),(3744,23,27,'33.5'),(3745,23,28,'34'),(3746,23,29,'32.5'),(3747,23,30,'32.1'),(3748,23,31,'35.2'),(3749,23,32,'39.1'),(3750,23,33,'43.7'),(3751,23,34,'47.1'),(3752,23,35,'49.7'),(3753,23,36,'52.3'),(3754,23,37,'55'),(3755,23,38,'15'),(3756,23,39,'1'),(3757,23,40,'1'),(3758,23,41,'1'),(3759,23,42,'37.5'),(3760,23,43,'15'),(3761,23,44,''),(3762,23,45,''),(3831,20,10,'37'),(3832,20,12,'-2'),(3833,20,13,'-6'),(3834,20,14,'35'),(3835,20,15,'31'),(3836,20,16,'0'),(3837,20,17,'0'),(3838,20,18,'0'),(3839,20,19,'25.3'),(3840,20,20,'23.5'),(3841,20,21,'19.1'),(3842,20,23,'20.5'),(3843,20,24,'25.5'),(3844,20,25,'25.4'),(3845,20,26,'30.2'),(3846,20,27,'34.3'),(3847,20,28,'38.3'),(3848,20,29,'40.2'),(3849,20,30,'42.8'),(3850,20,31,'42.4'),(3851,20,32,'42.7'),(3852,20,33,'45.3'),(3853,20,34,'46.9'),(3854,20,35,'43'),(3855,20,36,'47'),(3856,20,37,'53.5'),(3857,20,38,'32'),(3858,20,39,'1'),(3859,20,40,'1'),(3860,20,41,'1'),(3861,20,42,'30'),(3862,20,43,'8'),(3863,20,44,''),(3864,20,45,'4'),(4477,74,10,'41'),(4478,74,12,'-1'),(4479,74,13,'-5'),(4480,74,14,'40'),(4481,74,15,'36'),(4482,74,16,'37.0'),(4483,74,17,'34.5'),(4484,74,18,'32.6'),(4485,74,19,'29.0'),(4486,74,20,'30.6'),(4487,74,21,'24.8'),(4488,74,23,'30.1'),(4489,74,24,'33.4'),(4490,74,25,'36.0'),(4491,74,26,'38.7'),(4492,74,27,'40.0'),(4493,74,28,'41.2'),(4494,74,29,'42.1'),(4495,74,30,'42,.3'),(4496,74,31,'40.6'),(4497,74,32,'41.1'),(4498,74,33,'46.3'),(4499,74,34,'50.5'),(4500,74,35,'55.7'),(4501,74,36,'62.1'),(4502,74,37,'66.5'),(4503,74,38,'37.5'),(4504,74,39,'2'),(4505,74,40,'5'),(4506,74,41,'3'),(4507,74,42,'53.75'),(4508,74,43,'13.5'),(4509,74,44,''),(4510,74,45,'8'),(4715,73,10,'41'),(4716,73,12,'-1'),(4717,73,13,'-4'),(4718,73,14,'40'),(4719,73,15,'37'),(4720,73,16,'33.3'),(4721,73,17,'34.0'),(4722,73,18,'23.7'),(4723,73,19,'22.6'),(4724,73,20,'32.3'),(4725,73,21,'32.8'),(4726,73,23,'28.1'),(4727,73,24,'33.8'),(4728,73,25,'36.0'),(4729,73,26,'38.2'),(4730,73,27,'39.5'),(4731,73,28,'39.2'),(4732,73,29,'39.8'),(4733,73,30,'38,6'),(4734,73,31,'39.3'),(4735,73,32,'43.8'),(4736,73,33,'50.4'),(4737,73,34,'54.0'),(4738,73,35,'58.4'),(4739,73,36,'64.7'),(4740,73,37,'67.6'),(4741,73,38,'41.5'),(4742,73,39,'2'),(4743,73,40,'5'),(4744,73,41,'3'),(4745,73,42,'63.75'),(4746,73,43,'13.5'),(4747,73,44,''),(4748,73,45,'12'),(4885,30,10,'39'),(4886,30,12,'-1'),(4887,30,13,'-5'),(4888,30,14,'38'),(4889,30,15,'34'),(4890,30,16,'0'),(4891,30,17,'0'),(4892,30,18,'0'),(4893,30,19,'28.3'),(4894,30,20,'27.3'),(4895,30,21,'22.6'),(4896,30,23,'22.6'),(4897,30,24,'26.4'),(4898,30,25,'29.3'),(4899,30,26,'32.1'),(4900,30,27,'35.9'),(4901,30,28,'41.5'),(4902,30,29,'45.5'),(4903,30,30,'49.2'),(4904,30,31,'51.2'),(4905,30,32,'52.3'),(4906,30,33,'52.8'),(4907,30,34,'51.9'),(4908,30,35,'49.6'),(4909,30,36,'55.2'),(4910,30,37,'59.6'),(4911,30,38,'28.4'),(4912,30,39,'2'),(4913,30,40,'2'),(4914,30,41,'3'),(4915,30,42,'31'),(4916,30,43,'8.4'),(4917,30,44,''),(4918,30,45,'4'),(4919,76,10,'40'),(4920,76,12,'-2'),(4921,76,13,'-6'),(4922,76,14,'38'),(4923,76,15,'34'),(4924,76,16,'31.1'),(4925,76,17,'34.2'),(4926,76,18,'32.2'),(4927,76,19,'29.9'),(4928,76,20,'28.6'),(4929,76,21,'24.2'),(4930,76,23,'22.3'),(4931,76,24,'26.6'),(4932,76,25,'30.6'),(4933,76,26,'33.5'),(4934,76,27,'36.9'),(4935,76,28,'40.2'),(4936,76,29,'45.0'),(4937,76,30,'48.2'),(4938,76,31,'49.1'),(4939,76,32,'49.7'),(4940,76,33,'47.0'),(4941,76,34,'48.2'),(4942,76,35,'51.6'),(4943,76,36,'56.4'),(4944,76,37,'61.8'),(4945,76,38,'26.4'),(4946,76,39,'2'),(4947,76,40,'2'),(4948,76,41,'3'),(4949,76,42,'36.0'),(4950,76,43,'6'),(4951,76,44,''),(4952,76,45,'8.4'),(5021,72,10,'41'),(5022,72,12,'-2'),(5023,72,13,'-6'),(5024,72,14,'39'),(5025,72,15,'35'),(5026,72,16,'43.4'),(5027,72,17,'37.8'),(5028,72,18,'34.2'),(5029,72,19,'28.2'),(5030,72,20,'28.8'),(5031,72,21,'23.3'),(5032,72,23,'24.6'),(5033,72,24,'27.6'),(5034,72,25,'31.7'),(5035,72,26,'34.9'),(5036,72,27,'38.1'),(5037,72,28,'42.0'),(5038,72,29,'45.8'),(5039,72,30,'47.8'),(5040,72,31,'44.8'),(5041,72,32,'45.6'),(5042,72,33,'49.1'),(5043,72,34,'52.4'),(5044,72,35,'55.6'),(5045,72,36,'60.3'),(5046,72,37,'64.7'),(5047,72,38,'28.4'),(5048,72,39,'2'),(5049,72,40,'2'),(5050,72,41,'3'),(5051,72,42,'41'),(5052,72,43,'8'),(5053,72,44,''),(5054,72,45,'8,4'),(5123,75,10,'45'),(5124,75,12,'-2'),(5125,75,13,'-7'),(5126,75,14,'43'),(5127,75,15,'38'),(5128,75,16,'32.8'),(5129,75,17,'35.0'),(5130,75,18,'33.7'),(5131,75,19,'30.9'),(5132,75,20,'30.0'),(5133,75,21,'25.7'),(5134,75,23,'27.2'),(5135,75,24,'32.8'),(5136,75,25,'36.0'),(5137,75,26,'39.7'),(5138,75,27,'43.0'),(5139,75,28,'46.3'),(5140,75,29,'50.5'),(5141,75,30,'53.4'),(5142,75,31,'55.0'),(5143,75,32,'56.1'),(5144,75,33,'56.6'),(5145,75,34,'57.8'),(5146,75,35,'60.6'),(5147,75,36,'66.5'),(5148,75,37,'68.4'),(5149,75,38,'31.6'),(5150,75,39,'2'),(5151,75,40,'3'),(5152,75,41,'3'),(5153,75,42,'49'),(5154,75,43,'10.8'),(5155,75,44,''),(5156,75,45,'8.8'),(6048,77,10,'47'),(6049,77,12,'-1'),(6050,77,13,'-4'),(6051,77,14,'46'),(6052,77,15,'43'),(6053,77,16,'33.5'),(6054,77,17,'33.6'),(6055,77,18,'26.1'),(6056,77,19,'29.8'),(6057,77,20,'37.5'),(6058,77,21,'37.3'),(6059,77,23,'36.9'),(6060,77,24,'39.4'),(6061,77,25,'41.0'),(6062,77,26,'44.2'),(6063,77,27,'46.2'),(6064,77,28,'46.4'),(6065,77,29,'47.0'),(6066,77,30,'45.5'),(6067,77,31,'44.2'),(6068,77,32,'45.0'),(6069,77,33,'50.8'),(6070,77,34,'56.4'),(6071,77,35,'61.3'),(6072,77,36,'67.5'),(6073,77,37,'66.5'),(6074,77,38,'45.0'),(6075,77,39,'2'),(6076,77,40,'5'),(6077,77,41,'3'),(6078,77,42,'62.5'),(6079,77,43,'11.5'),(6080,77,44,''),(6081,77,45,'13.5'),(8487,129,10,'48'),(8488,129,12,'-2'),(8489,129,13,'-6'),(8490,129,14,'46'),(8491,129,15,'42'),(8492,129,16,'16.6'),(8493,129,17,'24.6'),(8494,129,18,'27.4'),(8495,129,19,'28.8'),(8496,129,20,'27.8'),(8497,129,21,'30.3'),(8498,129,23,'35.0'),(8499,129,24,'38.9'),(8500,129,25,'42.3'),(8501,129,26,'45.5'),(8502,129,27,'48.0'),(8503,129,28,'48.9'),(8504,129,29,'50.3'),(8505,129,30,'50.7'),(8506,129,31,'50.2'),(8507,129,32,'50.1'),(8508,129,33,'51.7'),(8509,129,34,'55.3'),(8510,129,35,'58.1'),(8511,129,36,'59.7'),(8512,129,37,'59.9'),(8513,129,38,'40.3'),(8514,129,39,'2'),(8515,129,40,'3'),(8516,129,41,'3'),(8517,129,42,'65.7'),(8518,129,43,'13.5'),(8519,129,44,'12.8'),(8520,129,45,''),(8521,129,46,'1'),(8522,129,47,'1'),(8595,130,10,'1'),(8596,130,12,'1'),(8597,130,13,'1'),(8598,130,14,'1'),(8599,130,15,'1'),(8600,130,16,'50'),(8601,130,17,'63'),(8602,130,18,'80'),(8603,130,19,'100'),(8604,130,20,'125'),(8605,130,21,'160'),(8606,130,23,'200'),(8607,130,24,'250'),(8608,130,25,'315'),(8609,130,26,'400'),(8610,130,27,'500'),(8611,130,28,'640'),(8612,130,29,'800'),(8613,130,30,'1'),(8614,130,31,'1.15'),(8615,130,32,'1.6'),(8616,130,33,'2'),(8617,130,34,'2.5'),(8618,130,35,'3.15'),(8619,130,36,'4'),(8620,130,37,'4'),(8621,130,38,'55'),(8622,130,39,'2'),(8623,130,40,'1'),(8624,130,41,'1'),(8625,130,42,'12'),(8626,130,43,'1'),(8627,130,44,'2'),(8628,130,45,''),(8629,130,46,'6'),(8630,130,47,'5'),(8631,85,10,'33'),(8632,85,12,'-1'),(8633,85,13,'-5'),(8634,85,14,'32'),(8635,85,15,'28'),(8636,85,16,'15.5'),(8637,85,17,'20.8'),(8638,85,18,'19.4'),(8639,85,19,'22.5'),(8640,85,20,'21.7'),(8641,85,21,'21.8'),(8642,85,23,'18.1'),(8643,85,24,'18.7'),(8644,85,25,'23.8'),(8645,85,26,'25.2'),(8646,85,27,'29.8'),(8647,85,28,'33.6'),(8648,85,29,'37.9'),(8649,85,30,'40.5'),(8650,85,31,'42.4'),(8651,85,32,'42'),(8652,85,33,'38'),(8653,85,34,'40.9'),(8654,85,35,'44'),(8655,85,36,'49.9'),(8656,85,37,'53.4'),(8657,85,38,'24'),(8658,85,39,'1'),(8659,85,40,'1'),(8660,85,41,'1'),(8661,85,42,'30'),(8662,85,43,'6'),(8663,85,44,''),(8664,85,45,'6'),(8665,85,46,'33'),(8666,85,47,'26'),(8739,92,10,'35'),(8740,92,12,'-2'),(8741,92,13,'-6'),(8742,92,14,'33'),(8743,92,15,'29'),(8744,92,16,'14'),(8745,92,17,'20.3'),(8746,92,18,'21.6'),(8747,92,19,'22.9'),(8748,92,20,'21.7'),(8749,92,21,'21.8'),(8750,92,23,'19.3'),(8751,92,24,'20.3'),(8752,92,25,'24.7'),(8753,92,26,'26.3'),(8754,92,27,'31.6'),(8755,92,28,'35.1'),(8756,92,29,'40.1'),(8757,92,30,'43.3'),(8758,92,31,'45.2'),(8759,92,32,'44.4'),(8760,92,33,'41.3'),(8761,92,34,'43.7'),(8762,92,35,'47.7'),(8763,92,36,'54.8'),(8764,92,37,'60'),(8765,92,38,'24.8'),(8766,92,39,'2'),(8767,92,40,'1'),(8768,92,41,'2'),(8769,92,42,'32'),(8770,92,43,'6.4'),(8771,92,44,''),(8772,92,45,'6.4'),(8773,92,46,'35'),(8774,92,47,'27'),(8775,86,10,'35'),(8776,86,12,'-2'),(8777,86,13,'-7'),(8778,86,14,'33'),(8779,86,15,'28'),(8780,86,16,'15.3'),(8781,86,17,'22.1'),(8782,86,18,'21.3'),(8783,86,19,'21.7'),(8784,86,20,'13.9'),(8785,86,21,'14.6'),(8786,86,23,'19.2'),(8787,86,24,'24.5'),(8788,86,25,'27.8'),(8789,86,26,'30'),(8790,86,27,'34.3'),(8791,86,28,'37.7'),(8792,86,29,'42'),(8793,86,30,'44.6'),(8794,86,31,'47.8'),(8795,86,32,'47'),(8796,86,33,'39.8'),(8797,86,34,'42'),(8798,86,35,'47.7'),(8799,86,36,'55.6'),(8800,86,37,'60.2'),(8801,86,38,'42'),(8802,86,39,'1'),(8803,86,40,'1'),(8804,86,41,'1'),(8805,86,42,'45'),(8806,86,43,'6'),(8807,86,44,'6'),(8808,86,45,'6'),(8809,86,46,'35'),(8810,86,47,'25'),(8811,89,10,'35'),(8812,89,12,'-1'),(8813,89,13,'-6'),(8814,89,14,'34'),(8815,89,15,'29'),(8816,89,16,'14.9'),(8817,89,17,'20.1'),(8818,89,18,'21.1'),(8819,89,19,'23.3'),(8820,89,20,'15.8'),(8821,89,21,'17.7'),(8822,89,23,'20.2'),(8823,89,24,'25'),(8824,89,25,'27.1'),(8825,89,26,'28.5'),(8826,89,27,'31.7'),(8827,89,28,'35.8'),(8828,89,29,'41.8'),(8829,89,30,'47.1'),(8830,89,31,'51'),(8831,89,32,'52.2'),(8832,89,33,'50.3'),(8833,89,34,'51'),(8834,89,35,'49.1'),(8835,89,36,'54.7'),(8836,89,37,'61'),(8837,89,38,'38.4'),(8838,89,39,'2'),(8839,89,40,'1'),(8840,89,41,'2'),(8841,89,42,'36'),(8842,89,43,'4'),(8843,89,44,'4'),(8844,89,45,'6.4'),(8845,89,46,'35'),(8846,89,47,'26'),(8847,95,10,'36'),(8848,95,12,'-2'),(8849,95,13,'-6'),(8850,95,14,'34'),(8851,95,15,'30'),(8852,95,16,'14.6'),(8853,95,17,'20'),(8854,95,18,'22.6'),(8855,95,19,'21.6'),(8856,95,20,'17.9'),(8857,95,21,'18.4'),(8858,95,23,'19.8'),(8859,95,24,'26.3'),(8860,95,25,'27.2'),(8861,95,26,'29.6'),(8862,95,27,'32.4'),(8863,95,28,'35'),(8864,95,29,'42.2'),(8865,95,30,'46.8'),(8866,95,31,'49.4'),(8867,95,32,'50.2'),(8868,95,33,'48.4'),(8869,95,34,'47.2'),(8870,95,35,'43.2'),(8871,95,36,'47.9'),(8872,95,37,'55.1'),(8873,95,38,'38'),(8874,95,39,'1'),(8875,95,40,'1'),(8876,95,41,'1'),(8877,95,42,'35'),(8878,95,43,'6'),(8879,95,44,'4'),(8880,95,45,'4'),(8881,95,46,'36'),(8882,95,47,'27'),(8883,91,10,'38'),(8884,91,12,'-2'),(8885,91,13,'-6'),(8886,91,14,'36'),(8887,91,15,'32'),(8888,91,16,'15.2'),(8889,91,17,'20.3'),(8890,91,18,'22.7'),(8891,91,19,'27.4'),(8892,91,20,'24.4'),(8893,91,21,'19.7'),(8894,91,23,'23.2'),(8895,91,24,'25.7'),(8896,91,25,'27.9'),(8897,91,26,'31.1'),(8898,91,27,'35.7'),(8899,91,28,'38.9'),(8900,91,29,'42.5'),(8901,91,30,'44.3'),(8902,91,31,'44.1'),(8903,91,32,'43.5'),(8904,91,33,'44.2'),(8905,91,34,'50'),(8906,91,35,'55.6'),(8907,91,36,'60.5'),(8908,91,37,'64.4'),(8909,91,38,'29.6'),(8910,91,39,'2'),(8911,91,40,'3'),(8912,91,41,'3'),(8913,91,42,'44'),(8914,91,43,'8.8'),(8915,91,44,''),(8916,91,45,'8.8'),(8917,91,46,'38'),(8918,91,47,'30'),(8991,99,10,'40'),(8992,99,12,'-1'),(8993,99,13,'-3'),(8994,99,14,'39'),(8995,99,15,'37'),(8996,99,16,'12.9'),(8997,99,17,'20.6'),(8998,99,18,'24.8'),(8999,99,19,'27.2'),(9000,99,20,'27.9'),(9001,99,21,'29.9'),(9002,99,23,'30.8'),(9003,99,24,'32.2'),(9004,99,25,'34.1'),(9005,99,26,'35.9'),(9006,99,27,'37.2'),(9007,99,28,'38.7'),(9008,99,29,'40.4'),(9009,99,30,'40.6'),(9010,99,31,'41.3'),(9011,99,32,'41.4'),(9012,99,33,'40.8'),(9013,99,34,'43.9'),(9014,99,35,'46.5'),(9015,99,36,'49.7'),(9016,99,37,'52.4'),(9017,99,38,'12.8'),(9018,99,39,'1'),(9019,99,40,'1'),(9020,99,41,'3'),(9021,99,42,'31.9'),(9022,99,43,'12.8'),(9023,99,44,''),(9024,99,45,''),(9025,99,46,'40'),(9026,99,47,'35'),(9027,114,10,'40'),(9028,114,12,'-1'),(9029,114,13,'-5'),(9030,114,14,'39'),(9031,114,15,'35'),(9032,114,16,'16.3'),(9033,114,17,'21'),(9034,114,18,'23.4'),(9035,114,19,'28.6'),(9036,114,20,'26.5'),(9037,114,21,'25.3'),(9038,114,23,'25.5'),(9039,114,24,'30.1'),(9040,114,25,'30.5'),(9041,114,26,'34'),(9042,114,27,'37'),(9043,114,28,'39.7'),(9044,114,29,'42.7'),(9045,114,30,'42.8'),(9046,114,31,'43.2'),(9047,114,32,'44.3'),(9048,114,33,'43.3'),(9049,114,34,'46.3'),(9050,114,35,'51.1'),(9051,114,36,'57.4'),(9052,114,37,'64.8'),(9053,114,38,'30.8'),(9054,114,39,'2'),(9055,114,40,'3'),(9056,114,41,'1'),(9057,114,42,'46.9'),(9058,114,43,'12.8'),(9059,114,44,'6'),(9060,114,45,''),(9061,114,46,'40'),(9062,114,47,'33'),(9063,97,10,'40'),(9064,97,12,'-2'),(9065,97,13,'-7'),(9066,97,14,'38'),(9067,97,15,'33'),(9068,97,16,'15.6'),(9069,97,17,'21.3'),(9070,97,18,'23.1'),(9071,97,19,'20.6'),(9072,97,20,'19.6'),(9073,97,21,'20.3'),(9074,97,23,'26.8'),(9075,97,24,'29.4'),(9076,97,25,'33.2'),(9077,97,26,'36.2'),(9078,97,27,'39'),(9079,97,28,'40.8'),(9080,97,29,'43.5'),(9081,97,30,'46.5'),(9082,97,31,'45.8'),(9083,97,32,'45.4'),(9084,97,33,'43.3'),(9085,97,34,'47.7'),(9086,97,35,'52.4'),(9087,97,36,'57'),(9088,97,37,'60'),(9089,97,38,'44.8'),(9090,97,39,'2'),(9091,97,40,'3'),(9092,97,41,'1'),(9093,97,42,'51.9'),(9094,97,43,'6'),(9095,97,44,'6'),(9096,97,45,'8.8'),(9097,97,46,'40'),(9098,97,47,'30'),(9135,87,10,'39'),(9136,87,12,'-3'),(9137,87,13,'-8'),(9138,87,14,'36'),(9139,87,15,'31'),(9140,87,16,'15.3'),(9141,87,17,'20.1'),(9142,87,18,'20.7'),(9143,87,19,'20.5'),(9144,87,20,'18.6'),(9145,87,21,'17.7'),(9146,87,23,'23.3'),(9147,87,24,'29.1'),(9148,87,25,'33.2'),(9149,87,26,'34.3'),(9150,87,27,'39'),(9151,87,28,'41.6'),(9152,87,29,'45.1'),(9153,87,30,'47.3'),(9154,87,31,'47.1'),(9155,87,32,'46.8'),(9156,87,33,'47.5'),(9157,87,34,'54.9'),(9158,87,35,'60.4'),(9159,87,36,'64.4'),(9160,87,37,'66'),(9161,87,38,'45,6'),(9162,87,39,'2'),(9163,87,40,'3'),(9164,87,41,'3'),(9165,87,42,'54'),(9166,87,43,'8.8'),(9167,87,44,'4'),(9168,87,45,'8.8'),(9169,87,46,'39'),(9170,87,47,'28'),(9171,88,10,'40'),(9172,88,12,'-3'),(9173,88,13,'-8'),(9174,88,14,'37'),(9175,88,15,'32'),(9176,88,16,'15.9'),(9177,88,17,'21.7'),(9178,88,18,'20.1'),(9179,88,19,'21.1'),(9180,88,20,'19.7'),(9181,88,21,'18.1'),(9182,88,23,'23.3'),(9183,88,24,'29.5'),(9184,88,25,'33.9'),(9185,88,26,'35.9'),(9186,88,27,'39.1'),(9187,88,28,'41.5'),(9188,88,29,'44.8'),(9189,88,30,'46.7'),(9190,88,31,'46'),(9191,88,32,'45.1'),(9192,88,33,'45.7'),(9193,88,34,'52.3'),(9194,88,35,'57.4'),(9195,88,36,'62.5'),(9196,88,37,'65.1'),(9197,88,38,'47.6'),(9198,88,39,'2'),(9199,88,40,'3'),(9200,88,41,'3'),(9201,88,42,'59'),(9202,88,43,'8.8'),(9203,88,44,'6'),(9204,88,45,'8.8'),(9205,88,46,'39'),(9206,88,47,'29'),(9207,110,10,'41'),(9208,110,12,'-3'),(9209,110,13,'-8'),(9210,110,14,'38'),(9211,110,15,'33'),(9212,110,16,'14.4'),(9213,110,17,'22.8'),(9214,110,18,'21.5'),(9215,110,19,'22.2'),(9216,110,20,'16.1'),(9217,110,21,'22.8'),(9218,110,23,'27'),(9219,110,24,'32.5'),(9220,110,25,'32.8'),(9221,110,26,'37.5'),(9222,110,27,'41.1'),(9223,110,28,'44.7'),(9224,110,29,'47.9'),(9225,110,30,'50.6'),(9226,110,31,'51'),(9227,110,32,'51.3'),(9228,110,33,'50.5'),(9229,110,34,'52.2'),(9230,110,35,'55'),(9231,110,36,'59.5'),(9232,110,37,'60.3'),(9233,110,38,'42.8'),(9234,110,39,'2'),(9235,110,40,'3'),(9236,110,41,'1'),(9237,110,42,'46,9'),(9238,110,43,'6'),(9239,110,44,'4'),(9240,110,45,'8.8'),(9241,110,46,'41'),(9242,110,47,'29'),(9243,98,10,'41'),(9244,98,12,'-3'),(9245,98,13,'-8'),(9246,98,14,'38'),(9247,98,15,'33'),(9248,98,16,'16.9'),(9249,98,17,'23.4'),(9250,98,18,'21.6'),(9251,98,19,'23.5'),(9252,98,20,'17.2'),(9253,98,21,'22.6'),(9254,98,23,'25.9'),(9255,98,24,'30.5'),(9256,98,25,'32.3'),(9257,98,26,'37.3'),(9258,98,27,'40.6'),(9259,98,28,'44.1'),(9260,98,29,'47.7'),(9261,98,30,'51.4'),(9262,98,31,'51.8'),(9263,98,32,'51.7'),(9264,98,33,'49'),(9265,98,34,'50.8'),(9266,98,35,'53.5'),(9267,98,36,'59.3'),(9268,98,37,'61.7'),(9269,98,38,'44.8'),(9270,98,39,'2'),(9271,98,40,'3'),(9272,98,41,'1'),(9273,98,42,'51.9'),(9274,98,43,'6'),(9275,98,44,'6'),(9276,98,45,'8.8'),(9277,98,46,'41'),(9278,98,47,'30'),(9351,105,10,'42'),(9352,105,12,'-2'),(9353,105,13,'-6'),(9354,105,14,'40'),(9355,105,15,'36'),(9356,105,16,'16'),(9357,105,17,'21'),(9358,105,18,'24'),(9359,105,19,'29'),(9360,105,20,'25'),(9361,105,21,'24'),(9362,105,23,'28'),(9363,105,24,'32'),(9364,105,25,'35'),(9365,105,26,'37'),(9366,105,27,'41'),(9367,105,28,'42'),(9368,105,29,'44'),(9369,105,30,'44'),(9370,105,31,'43'),(9371,105,32,'44'),(9372,105,33,'45'),(9373,105,34,'49'),(9374,105,35,'52'),(9375,105,36,'57'),(9376,105,37,'60'),(9377,105,38,'24.8'),(9378,105,39,'2'),(9379,105,40,'3'),(9380,105,41,'1'),(9381,105,42,'51.9'),(9382,105,43,'12.8'),(9383,105,44,''),(9384,105,45,'8'),(9385,105,46,'42'),(9386,105,47,'34'),(9387,84,10,'42'),(9388,84,12,'-2'),(9389,84,13,'-5'),(9390,84,14,'40'),(9391,84,15,'37'),(9392,84,16,'14.5'),(9393,84,17,'21.7'),(9394,84,18,'20.3'),(9395,84,19,'27.5'),(9396,84,20,'24.9'),(9397,84,21,'27.3'),(9398,84,23,'31.5'),(9399,84,24,'33'),(9400,84,25,'35.7'),(9401,84,26,'36.8'),(9402,84,27,'39.7'),(9403,84,28,'42.7'),(9404,84,29,'43.3'),(9405,84,30,'43.1'),(9406,84,31,'41.5'),(9407,84,32,'40'),(9408,84,33,'42.2'),(9409,84,34,'47.9'),(9410,84,35,'52.9'),(9411,84,36,'58.3'),(9412,84,37,'61'),(9413,84,38,'38.8'),(9414,84,39,'2'),(9415,84,40,'3'),(9416,84,41,'3'),(9417,84,42,'47'),(9418,84,43,'8.0'),(9419,84,44,''),(9420,84,45,'10.8'),(9421,84,46,'42'),(9422,84,47,'34'),(9423,107,10,'43'),(9424,107,12,'-1'),(9425,107,13,'-5'),(9426,107,14,'42'),(9427,107,15,'38'),(9428,107,16,'17'),(9429,107,17,'21'),(9430,107,18,'22'),(9431,107,19,'30'),(9432,107,20,'28'),(9433,107,21,'25'),(9434,107,23,'29'),(9435,107,24,'36'),(9436,107,25,'36'),(9437,107,26,'40'),(9438,107,27,'43'),(9439,107,28,'44'),(9440,107,29,'43'),(9441,107,30,'43'),(9442,107,31,'43'),(9443,107,32,'44'),(9444,107,33,'47'),(9445,107,34,'50'),(9446,107,35,'53'),(9447,107,36,'57'),(9448,107,37,'60'),(9449,107,38,'34.8'),(9450,107,39,'2'),(9451,107,40,'3'),(9452,107,41,'1'),(9453,107,42,'56.9'),(9454,107,43,'12.8'),(9455,107,44,''),(9456,107,45,'10'),(9457,107,46,'43'),(9458,107,47,'35'),(9459,101,10,'43'),(9460,101,12,'-2'),(9461,101,13,'-4'),(9462,101,14,'41'),(9463,101,15,'39'),(9464,101,16,'16.7'),(9465,101,17,'23.1'),(9466,101,18,'24.1'),(9467,101,19,'30.6'),(9468,101,20,'29.3'),(9469,101,21,'33.5'),(9470,101,23,'33.8'),(9471,101,24,'38.3'),(9472,101,25,'39.6'),(9473,101,26,'40.6'),(9474,101,27,'41.6'),(9475,101,28,'41.4'),(9476,101,29,'40.0'),(9477,101,30,'38.0'),(9478,101,31,'39.7'),(9479,101,32,'42.9'),(9480,101,33,'45.2'),(9481,101,34,'48.3'),(9482,101,35,'51.9'),(9483,101,36,'55.8'),(9484,101,37,'57.7'),(9485,101,38,'40.8'),(9486,101,39,'1'),(9487,101,40,'1'),(9488,101,41,'3'),(9489,101,42,'66.9'),(9490,101,43,'10'),(9491,101,44,''),(9492,101,45,'16.8'),(9493,101,46,'43'),(9494,101,47,'37'),(9495,116,10,'43'),(9496,116,12,'-2'),(9497,116,13,'-6'),(9498,116,14,'41'),(9499,116,15,'37'),(9500,116,16,'15.3'),(9501,116,17,'22.3'),(9502,116,18,'23.5'),(9503,116,19,'27.1'),(9504,116,20,'25.6'),(9505,116,21,'25.8'),(9506,116,23,'26.3'),(9507,116,24,'31.9'),(9508,116,25,'33.3'),(9509,116,26,'38'),(9510,116,27,'41.7'),(9511,116,28,'44.9'),(9512,116,29,'48.5'),(9513,116,30,'50.7'),(9514,116,31,'51.5'),(9515,116,32,'53'),(9516,116,33,'54.3'),(9517,116,34,'54.4'),(9518,116,35,'56.1'),(9519,116,36,'60.8'),(9520,116,37,'63.3'),(9521,116,38,'29.6'),(9522,116,39,'2'),(9523,116,40,'3'),(9524,116,41,'1'),(9525,116,42,'43.8'),(9526,116,43,'8.8'),(9527,116,44,''),(9528,116,45,'8.8'),(9529,116,46,'43'),(9530,116,47,'34'),(9567,100,10,'42'),(9568,100,12,'0'),(9569,100,13,'-3'),(9570,100,14,'42'),(9571,100,15,'39'),(9572,100,16,'13.4'),(9573,100,17,'20.6'),(9574,100,18,'25.1'),(9575,100,19,'30.1'),(9576,100,20,'31.0'),(9577,100,21,'32.8'),(9578,100,23,'32.7'),(9579,100,24,'34.6'),(9580,100,25,'36.3'),(9581,100,26,'38.1'),(9582,100,27,'39.4'),(9583,100,28,'40.5'),(9584,100,29,'41.4'),(9585,100,30,'41.2'),(9586,100,31,'41.7'),(9587,100,32,'43.1'),(9588,100,33,'45.5'),(9589,100,34,'48.8'),(9590,100,35,'51.1'),(9591,100,36,'54.4'),(9592,100,37,'56.5'),(9593,100,38,'16.8'),(9594,100,39,'1'),(9595,100,40,'1'),(9596,100,41,'3'),(9597,100,42,'42'),(9598,100,43,'16.8'),(9599,100,44,''),(9600,100,45,''),(9601,100,46,'42'),(9602,100,47,'37'),(9603,5,10,'34'),(9604,5,12,'-1'),(9605,5,13,'-5'),(9606,5,14,'33'),(9607,5,15,'29'),(9608,5,16,'29.1'),(9609,5,17,'25.5'),(9610,5,18,'28.1'),(9611,5,19,'21.6'),(9612,5,20,'21.2'),(9613,5,21,'20.3'),(9614,5,23,'16.7'),(9615,5,24,'21.7'),(9616,5,25,'24.6'),(9617,5,26,'27.2'),(9618,5,27,'30.8'),(9619,5,28,'35.5'),(9620,5,29,'40.1'),(9621,5,30,'44.8'),(9622,5,31,'47.4'),(9623,5,32,'47.4'),(9624,5,33,'44.3'),(9625,5,34,'44.4'),(9626,5,35,'42.9'),(9627,5,36,'48.3'),(9628,5,37,'54.9'),(9629,5,38,'26.4'),(9630,5,39,'2'),(9631,5,40,'1'),(9632,5,41,'2'),(9633,5,42,'26'),(9634,5,43,'6.4'),(9635,5,44,''),(9636,5,45,'4'),(9637,5,46,''),(9638,5,47,''),(9639,6,10,'35'),(9640,6,12,'-3'),(9641,6,13,'-7'),(9642,6,14,'32'),(9643,6,15,'28'),(9644,6,16,'0'),(9645,6,17,'0'),(9646,6,18,'0'),(9647,6,19,'23.3'),(9648,6,20,'22.1'),(9649,6,21,'18.6'),(9650,6,23,'17.9'),(9651,6,24,'18'),(9652,6,25,'28.8'),(9653,6,26,'28.4'),(9654,6,27,'33.8'),(9655,6,28,'37.6'),(9656,6,29,'40.3'),(9657,6,30,'43.1'),(9658,6,31,'42.8'),(9659,6,32,'42'),(9660,6,33,'38'),(9661,6,34,'39.7'),(9662,6,35,'45.8'),(9663,6,36,'50.8'),(9664,6,37,'55.8'),(9665,6,38,'28.4'),(9666,6,39,'2'),(9667,6,40,'1'),(9668,6,41,'2'),(9669,6,42,'31'),(9670,6,43,'6'),(9671,6,44,''),(9672,6,45,'6.4'),(9673,6,46,''),(9674,6,47,''),(9675,15,10,'37'),(9676,15,12,'-3'),(9677,15,13,'-8'),(9678,15,14,'34'),(9679,15,15,'29'),(9680,15,16,'27.4'),(9681,15,17,'30.3'),(9682,15,18,'28.6'),(9683,15,19,'20.1'),(9684,15,20,'12'),(9685,15,21,'20.5'),(9686,15,23,'21.9'),(9687,15,24,'27'),(9688,15,25,'28.6'),(9689,15,26,'31.7'),(9690,15,27,'35'),(9691,15,28,'39.6'),(9692,15,29,'43.3'),(9693,15,30,'46.8'),(9694,15,31,'47.4'),(9695,15,32,'47.5'),(9696,15,33,'42.6'),(9697,15,34,'42.5'),(9698,15,35,'50.8'),(9699,15,36,'59.4'),(9700,15,37,'67.5'),(9701,15,38,'40.8'),(9702,15,39,'2'),(9703,15,40,'1'),(9704,15,41,'2'),(9705,15,42,'42'),(9706,15,43,'6.4'),(9707,15,44,'4'),(9708,15,45,'6.4'),(9709,15,46,''),(9710,15,47,''),(9711,9,10,'36'),(9712,9,12,'-2'),(9713,9,13,'-7'),(9714,9,14,'34'),(9715,9,15,'29'),(9716,9,16,'30.6'),(9717,9,17,'31.3'),(9718,9,18,'30.7'),(9719,9,19,'22'),(9720,9,20,'19.9'),(9721,9,21,'18.1'),(9722,9,23,'16.5'),(9723,9,24,'24.1'),(9724,9,25,'28.2'),(9725,9,26,'30.7'),(9726,9,27,'35.6'),(9727,9,28,'39.5'),(9728,9,29,'42.8'),(9729,9,30,'46.6'),(9730,9,31,'48.1'),(9731,9,32,'49.7'),(9732,9,33,'50.9'),(9733,9,34,'51.5'),(9734,9,35,'46.7'),(9735,9,36,'53.9'),(9736,9,37,'62.2'),(9737,9,38,'40.8'),(9738,9,39,'2'),(9739,9,40,'3'),(9740,9,41,'3'),(9741,9,42,'42'),(9742,9,43,'8.8'),(9743,9,44,'4'),(9744,9,45,'4'),(9745,9,46,''),(9746,9,47,''),(9747,17,10,'37'),(9748,17,12,'-2'),(9749,17,13,'-6'),(9750,17,14,'35'),(9751,17,15,'31'),(9752,17,16,'33.5'),(9753,17,17,'31.4'),(9754,17,18,'31.9'),(9755,17,19,'23.9'),(9756,17,20,'18.4'),(9757,17,21,'17.9'),(9758,17,23,'21.7'),(9759,17,24,'23.6'),(9760,17,25,'30.1'),(9761,17,26,'33.7'),(9762,17,27,'38.1'),(9763,17,28,'42.2'),(9764,17,29,'44.2'),(9765,17,30,'44.2'),(9766,17,31,'41.3'),(9767,17,32,'41.1'),(9768,17,33,'40.2'),(9769,17,34,'43.4'),(9770,17,35,'50'),(9771,17,36,'55.7'),(9772,17,37,'60.2'),(9773,17,38,'30.8'),(9774,17,39,'2'),(9775,17,40,'3'),(9776,17,41,'3'),(9777,17,42,'37'),(9778,17,43,'8'),(9779,17,44,''),(9780,17,45,'6.8'),(9781,17,46,''),(9782,17,47,''),(9783,19,10,'37'),(9784,19,12,'-2'),(9785,19,13,'-6'),(9786,19,14,'35'),(9787,19,15,'31'),(9788,19,16,'34'),(9789,19,17,'28.7'),(9790,19,18,'29.3'),(9791,19,19,'21.8'),(9792,19,20,'18'),(9793,19,21,'20.1'),(9794,19,23,'20.7'),(9795,19,24,'25.1'),(9796,19,25,'28.1'),(9797,19,26,'31.2'),(9798,19,27,'35.2'),(9799,19,28,'40.6'),(9800,19,29,'45.5'),(9801,19,30,'50'),(9802,19,31,'54.2'),(9803,19,32,'56.2'),(9804,19,33,'56.3'),(9805,19,34,'57.3'),(9806,19,35,'52.1'),(9807,19,36,'57.3'),(9808,19,37,'66.2'),(9809,19,38,'40.4'),(9810,19,39,'2'),(9811,19,40,'2'),(9812,19,41,'3'),(9813,19,42,'41'),(9814,19,43,'6.4'),(9815,19,44,'6'),(9816,19,45,'4'),(9817,19,46,''),(9818,19,47,''),(9819,21,10,'37'),(9820,21,12,'-2'),(9821,21,13,'-5'),(9822,21,14,'35'),(9823,21,15,'32'),(9824,21,16,'0'),(9825,21,17,'0'),(9826,21,18,'0'),(9827,21,19,'26.4'),(9828,21,20,'26.2'),(9829,21,21,'17.7'),(9830,21,23,'22.7'),(9831,21,24,'25'),(9832,21,25,'29.8'),(9833,21,26,'32.8'),(9834,21,27,'35.5'),(9835,21,28,'39.9'),(9836,21,29,'41.6'),(9837,21,30,'42.8'),(9838,21,31,'41.9'),(9839,21,32,'38.9'),(9840,21,33,'39.7'),(9841,21,34,'44.9'),(9842,21,35,'49.1'),(9843,21,36,'54'),(9844,21,37,'58.8'),(9845,21,38,'32.8'),(9846,21,39,'2'),(9847,21,40,'3'),(9848,21,41,'3'),(9849,21,42,'42'),(9850,21,43,'8'),(9851,21,44,''),(9852,21,45,'8.8'),(9853,21,46,''),(9854,21,47,''),(9855,27,10,'39'),(9856,27,12,'-3'),(9857,27,13,'-8'),(9858,27,14,'36'),(9859,27,15,'31'),(9860,27,16,'32.9'),(9861,27,17,'29.2'),(9862,27,18,'30.1'),(9863,27,19,'21.5'),(9864,27,20,'15.4'),(9865,27,21,'21.6'),(9866,27,23,'23.4'),(9867,27,24,'26.7'),(9868,27,25,'31.5'),(9869,27,26,'33.8'),(9870,27,27,'38.1'),(9871,27,28,'42.5'),(9872,27,29,'45.8'),(9873,27,30,'47.7'),(9874,27,31,'43.9'),(9875,27,32,'43.6'),(9876,27,33,'43.7'),(9877,27,34,'46.8'),(9878,27,35,'54.3'),(9879,27,36,'62.6'),(9880,27,37,'69.5'),(9881,27,38,'46.8'),(9882,27,39,'2'),(9883,27,40,'3'),(9884,27,41,'3'),(9885,27,42,'57'),(9886,27,43,'8'),(9887,27,44,'8'),(9888,27,45,'6.8'),(9889,27,46,''),(9890,27,47,''),(9927,10,10,'36'),(9928,10,12,'-2'),(9929,10,13,'-6'),(9930,10,14,'34'),(9931,10,15,'30'),(9932,10,16,'23.6'),(9933,10,17,'25.1'),(9934,10,18,'29.3'),(9935,10,19,'27.2'),(9936,10,20,'21.4'),(9937,10,21,'21.5'),(9938,10,23,'18.7'),(9939,10,24,'24.9'),(9940,10,25,'25.7'),(9941,10,26,'28'),(9942,10,27,'32.2'),(9943,10,28,'35.7'),(9944,10,29,'41.5'),(9945,10,30,'46'),(9946,10,31,'49.5'),(9947,10,32,'49.6'),(9948,10,33,'46.3'),(9949,10,34,'47.6'),(9950,10,35,'46'),(9951,10,36,'53.1'),(9952,10,37,'59.7'),(9953,10,38,'40.4'),(9954,10,39,'2'),(9955,10,40,'1'),(9956,10,41,'2'),(9957,10,42,'41'),(9958,10,43,'6.4'),(9959,10,44,'6'),(9960,10,45,'4'),(9961,10,46,''),(9962,10,47,''),(9963,24,10,'37'),(9964,24,12,'-1'),(9965,24,13,'-3'),(9966,24,14,'36'),(9967,24,15,'34'),(9968,24,16,'0'),(9969,24,17,'0'),(9970,24,18,'0'),(9971,24,19,'30.3'),(9972,24,20,'30'),(9973,24,21,'27.7'),(9974,24,23,'28.3'),(9975,24,24,'30.8'),(9976,24,25,'32.3'),(9977,24,26,'34.2'),(9978,24,27,'35.2'),(9979,24,28,'35'),(9980,24,29,'34.7'),(9981,24,30,'33.9'),(9982,24,31,'33.3'),(9983,24,32,'36.5'),(9984,24,33,'40.8'),(9985,24,34,'44.4'),(9986,24,35,'48'),(9987,24,36,'51.1'),(9988,24,37,'54.4'),(9989,24,38,'12.8'),(9990,24,39,'2'),(9991,24,40,'3'),(9992,24,41,'3'),(9993,24,42,'32'),(9994,24,43,'12.8'),(9995,24,44,''),(9996,24,45,''),(9997,24,46,''),(9998,24,47,''),(9999,22,10,'37'),(10000,22,12,'-1'),(10001,22,13,'-5'),(10002,22,14,'36'),(10003,22,15,'32'),(10004,22,16,'0'),(10005,22,17,'0'),(10006,22,18,'0'),(10007,22,19,'27.7'),(10008,22,20,'27.8'),(10009,22,21,'20.8'),(10010,22,23,'21.9'),(10011,22,24,'25.6'),(10012,22,25,'26.5'),(10013,22,26,'30.1'),(10014,22,27,'34.6'),(10015,22,28,'39'),(10016,22,29,'41.2'),(10017,22,30,'43.9'),(10018,22,31,'45.8'),(10019,22,32,'45.2'),(10020,22,33,'46.7'),(10021,22,34,'48.8'),(10022,22,35,'46.7'),(10023,22,36,'51.2'),(10024,22,37,'56.5'),(10025,22,38,'28.8'),(10026,22,39,'2'),(10027,22,40,'3'),(10028,22,41,'3'),(10029,22,42,'32'),(10030,22,43,'8.8'),(10031,22,44,''),(10032,22,45,'4'),(10033,22,46,''),(10034,22,47,''),(10035,25,10,'38'),(10036,25,12,'-3'),(10037,25,13,'-7'),(10038,25,14,'35'),(10039,25,15,'31'),(10040,25,16,'37.2'),(10041,25,17,'31.2'),(10042,25,18,'32'),(10043,25,19,'28.8'),(10044,25,20,'26.1'),(10045,25,21,'15'),(10046,25,23,'22.9'),(10047,25,24,'28.1'),(10048,25,25,'33.6'),(10049,25,26,'34.3'),(10050,25,27,'38.4'),(10051,25,28,'42.5'),(10052,25,29,'44.5'),(10053,25,30,'45.7'),(10054,25,31,'42.5'),(10055,25,32,'40'),(10056,25,33,'38.4'),(10057,25,34,'40.5'),(10058,25,35,'47.5'),(10059,25,36,'51.4'),(10060,25,37,'53.7'),(10061,25,38,'30.4'),(10062,25,39,'2'),(10063,25,40,'2'),(10064,25,41,'2'),(10065,25,42,'36'),(10066,25,43,'8.4'),(10067,25,44,''),(10068,25,45,'6'),(10069,25,46,''),(10070,25,47,''),(10071,28,10,'39'),(10072,28,12,'-2'),(10073,28,13,'-8'),(10074,28,14,'37'),(10075,28,15,'31'),(10076,28,16,'30.7'),(10077,28,17,'30.6'),(10078,28,18,'29'),(10079,28,19,'17.4'),(10080,28,20,'16.9'),(10081,28,21,'21.4'),(10082,28,23,'24.2'),(10083,28,24,'28.2'),(10084,28,25,'32.2'),(10085,28,26,'35.2'),(10086,28,27,'38.7'),(10087,28,28,'42.9'),(10088,28,29,'46.5'),(10089,28,30,'48.6'),(10090,28,31,'47.6'),(10091,28,32,'46.3'),(10092,28,33,'44.4'),(10093,28,34,'46.7'),(10094,28,35,'54.3'),(10095,28,36,'62.2'),(10096,28,37,'69.5'),(10097,28,38,'43.2'),(10098,28,39,'2'),(10099,28,40,'3'),(10100,28,41,'3'),(10101,28,42,'48'),(10102,28,43,'8.8'),(10103,28,44,'4'),(10104,28,45,'6.4'),(10105,28,46,''),(10106,28,47,''),(10107,31,10,'39'),(10108,31,12,'-1'),(10109,31,13,'-3'),(10110,31,14,'38'),(10111,31,15,'36'),(10112,31,16,'0'),(10113,31,17,'0'),(10114,31,18,'0'),(10115,31,19,'29.4'),(10116,31,20,'32.9'),(10117,31,21,'32.8'),(10118,31,23,'32.5'),(10119,31,24,'34'),(10120,31,25,'34.3'),(10121,31,26,'35'),(10122,31,27,'34.7'),(10123,31,28,'34.9'),(10124,31,29,'34.9'),(10125,31,30,'35'),(10126,31,31,'38.1'),(10127,31,32,'42.1'),(10128,31,33,'46.2'),(10129,31,34,'49.4'),(10130,31,35,'52.7'),(10131,31,36,'56'),(10132,31,37,'59'),(10133,31,38,'16.8'),(10134,31,39,'2'),(10135,31,40,'3'),(10136,31,41,'3'),(10137,31,42,'42'),(10138,31,43,'16.8'),(10139,31,44,''),(10140,31,45,''),(10141,31,46,''),(10142,31,47,''),(10143,32,10,'39'),(10144,32,12,'-2'),(10145,32,13,'-6'),(10146,32,14,'37'),(10147,32,15,'33'),(10148,32,16,'34.6'),(10149,32,17,'32.3'),(10150,32,18,'32.2'),(10151,32,19,'27.5'),(10152,32,20,'26.6'),(10153,32,21,'20.6'),(10154,32,23,'21.7'),(10155,32,24,'27.8'),(10156,32,25,'32.4'),(10157,32,26,'33.8'),(10158,32,27,'38.2'),(10159,32,28,'40.7'),(10160,32,29,'44,0'),(10161,32,30,'45.5'),(10162,32,31,'43.5'),(10163,32,32,'42.6'),(10164,32,33,'42.1'),(10165,32,34,'44.0'),(10166,32,35,'50.4'),(10167,32,36,'55.6'),(10168,32,37,'60.9'),(10169,32,38,'30.8'),(10170,32,39,'2'),(10171,32,40,'3'),(10172,32,41,'3'),(10173,32,42,'37'),(10174,32,43,'8.8'),(10175,32,44,''),(10176,32,45,'6'),(10177,32,46,''),(10178,32,47,''),(10179,33,10,'39'),(10180,33,12,'-2'),(10181,33,13,'-5'),(10182,33,14,'37'),(10183,33,15,'34'),(10184,33,16,'0'),(10185,33,17,'0'),(10186,33,18,'0'),(10187,33,19,'26.3'),(10188,33,20,'24.1'),(10189,33,21,'20.2'),(10190,33,23,'26.8'),(10191,33,24,'29.1'),(10192,33,25,'33.6'),(10193,33,26,'35.1'),(10194,33,27,'39.5'),(10195,33,28,'43'),(10196,33,29,'43.9'),(10197,33,30,'44.8'),(10198,33,31,'41.8'),(10199,33,32,'39.9'),(10200,33,33,'38'),(10201,33,34,'41.4'),(10202,33,35,'47.2'),(10203,33,36,'53.7'),(10204,33,37,'59.9'),(10205,33,38,'34.8'),(10206,33,39,'2'),(10207,33,40,'3'),(10208,33,41,'3'),(10209,33,42,'37'),(10210,33,43,'8.8'),(10211,33,44,''),(10212,33,45,'6'),(10213,33,46,''),(10214,33,47,''),(10215,34,10,'40'),(10216,34,12,'-2'),(10217,34,13,'-7'),(10218,34,14,'38'),(10219,34,15,'33'),(10220,34,16,'31.6'),(10221,34,17,'31.3'),(10222,34,18,'28.8'),(10223,34,19,'19.2'),(10224,34,20,'19.1'),(10225,34,21,'22.6'),(10226,34,23,'23.7'),(10227,34,24,'28.4'),(10228,34,25,'32.4'),(10229,34,26,'35.5'),(10230,34,27,'39.8'),(10231,34,28,'43.7'),(10232,34,29,'47.2'),(10233,34,30,'49.5'),(10234,34,31,'48.5'),(10235,34,32,'46.2'),(10236,34,33,'41.7'),(10237,34,34,'44.7'),(10238,34,35,'51.8'),(10239,34,36,'59.1'),(10240,34,37,'65.9'),(10241,34,38,'45.5'),(10242,34,39,'2'),(10243,34,40,'5'),(10244,34,41,'3'),(10245,34,42,'53.75'),(10246,34,43,'9.5'),(10247,34,44,'6'),(10248,34,45,'6'),(10249,34,46,''),(10250,34,47,''),(10251,36,10,'40'),(10252,36,12,'-2'),(10253,36,13,'-6'),(10254,36,14,'38'),(10255,36,15,'34'),(10256,36,16,'0'),(10257,36,17,'0'),(10258,36,18,'0'),(10259,36,19,'24.1'),(10260,36,20,'24.6'),(10261,36,21,'22.5'),(10262,36,23,'25'),(10263,36,24,'26'),(10264,36,25,'30.9'),(10265,36,26,'32.9'),(10266,36,27,'37.4'),(10267,36,28,'42.7'),(10268,36,29,'46.1'),(10269,36,30,'49.3'),(10270,36,31,'50.1'),(10271,36,32,'49.6'),(10272,36,33,'47.1'),(10273,36,34,'51'),(10274,36,35,'54.5'),(10275,36,36,'58.3'),(10276,36,37,'62.2'),(10277,36,38,'28.4'),(10278,36,39,'2'),(10279,36,40,'2'),(10280,36,41,'3'),(10281,36,42,'31'),(10282,36,43,'6.4'),(10283,36,44,''),(10284,36,45,'6'),(10285,36,46,''),(10286,36,47,''),(10287,37,10,'40'),(10288,37,12,'-2'),(10289,37,13,'-6'),(10290,37,14,'38'),(10291,37,15,'34'),(10292,37,16,'40'),(10293,37,17,'29.6'),(10294,37,18,'32.4'),(10295,37,19,'31'),(10296,37,20,'26.8'),(10297,37,21,'20.5'),(10298,37,23,'24'),(10299,37,24,'31.8'),(10300,37,25,'33'),(10301,37,26,'34.6'),(10302,37,27,'38.6'),(10303,37,28,'41.6'),(10304,37,29,'43.5'),(10305,37,30,'45'),(10306,37,31,'43.1'),(10307,37,32,'42.3'),(10308,37,33,'40.8'),(10309,37,34,'43.3'),(10310,37,35,'49.4'),(10311,37,36,'53.6'),(10312,37,37,'56.1'),(10313,37,38,'31.5'),(10314,37,39,'2'),(10315,37,40,'5'),(10316,37,41,'3'),(10317,37,42,'38.75'),(10318,37,43,'9.5'),(10319,37,44,''),(10320,37,45,'6'),(10321,37,46,''),(10322,37,47,''),(10395,40,10,'40'),(10396,40,12,'-1'),(10397,40,13,'-4'),(10398,40,14,'39'),(10399,40,15,'36'),(10400,40,16,'0'),(10401,40,17,'0'),(10402,40,18,'0'),(10403,40,19,'31'),(10404,40,20,'25.1'),(10405,40,21,'27.1'),(10406,40,23,'25.2'),(10407,40,24,'31.1'),(10408,40,25,'32.8'),(10409,40,26,'34.7'),(10410,40,27,'36.4'),(10411,40,28,'39.4'),(10412,40,29,'42.6'),(10413,40,30,'43.4'),(10414,40,31,'42.1'),(10415,40,32,'42.8'),(10416,40,33,'41.2'),(10417,40,34,'43.5'),(10418,40,35,'48.9'),(10419,40,36,'53.4'),(10420,40,37,'58.2'),(10421,40,38,'32.8'),(10422,40,39,'2'),(10423,40,40,'3'),(10424,40,41,'3'),(10425,40,42,'42'),(10426,40,43,'6'),(10427,40,44,''),(10428,40,45,'10.8'),(10429,40,46,''),(10430,40,47,''),(10431,35,10,'40'),(10432,35,12,'-2'),(10433,35,13,'-8'),(10434,35,14,'38'),(10435,35,15,'32'),(10436,35,16,'30.3'),(10437,35,17,'27.7'),(10438,35,18,'26.7'),(10439,35,19,'16.5'),(10440,35,20,'17.3'),(10441,35,21,'24.7'),(10442,35,23,'24.8'),(10443,35,24,'32.2'),(10444,35,25,'34.3'),(10445,35,26,'36.4'),(10446,35,27,'40.3'),(10447,35,28,'44'),(10448,35,29,'47.5'),(10449,35,30,'49.3'),(10450,35,31,'47.9'),(10451,35,32,'45.8'),(10452,35,33,'42.5'),(10453,35,34,'45.7'),(10454,35,35,'53.4'),(10455,35,36,'60.2'),(10456,35,37,'66.4'),(10457,35,38,'47.5'),(10458,35,39,'2'),(10459,35,40,'5'),(10460,35,41,'3'),(10461,35,42,'48.75'),(10462,35,43,'6'),(10463,35,44,'4'),(10464,35,45,'9.5'),(10465,35,46,''),(10466,35,47,''),(10467,38,10,'40'),(10468,38,12,'-2'),(10469,38,13,'-6'),(10470,38,14,'38'),(10471,38,15,'34'),(10472,38,16,'0'),(10473,38,17,'0'),(10474,38,18,'0'),(10475,38,19,'26.5'),(10476,38,20,'25.7'),(10477,38,21,'21.1'),(10478,38,23,'23.8'),(10479,38,24,'26.4'),(10480,38,25,'31.4'),(10481,38,26,'34.3'),(10482,38,27,'39.4'),(10483,38,28,'43.5'),(10484,38,29,'45'),(10485,38,30,'46.8'),(10486,38,31,'44.7'),(10487,38,32,'43.5'),(10488,38,33,'41.7'),(10489,38,34,'45.2'),(10490,38,35,'50.9'),(10491,38,36,'56.4'),(10492,38,37,'61.6'),(10493,38,38,'31.2'),(10494,38,39,'2'),(10495,38,40,'3'),(10496,38,41,'3'),(10497,38,42,'38'),(10498,38,43,'8.8'),(10499,38,44,''),(10500,38,45,'6.4'),(10501,38,46,''),(10502,38,47,''),(10503,39,10,'40'),(10504,39,12,'-1'),(10505,39,13,'-5'),(10506,39,14,'39'),(10507,39,15,'35'),(10508,39,16,'29.8'),(10509,39,17,'31.7'),(10510,39,18,'31.3'),(10511,39,19,'29.5'),(10512,39,20,'29.3'),(10513,39,21,'24.9'),(10514,39,23,'23.6'),(10515,39,24,'27.2'),(10516,39,25,'28.8'),(10517,39,26,'34'),(10518,39,27,'36.9'),(10519,39,28,'40.7'),(10520,39,29,'46.3'),(10521,39,30,'50.5'),(10522,39,31,'54.3'),(10523,39,32,'56.5'),(10524,39,33,'59.2'),(10525,39,34,'60.1'),(10526,39,35,'59'),(10527,39,36,'58.8'),(10528,39,37,'58.8'),(10529,39,38,'24.8'),(10530,39,39,'2'),(10531,39,40,'2'),(10532,39,41,'3'),(10533,39,42,'32'),(10534,39,43,'6.4'),(10535,39,44,''),(10536,39,45,'6.4'),(10537,39,46,''),(10538,39,47,''),(10539,41,10,'40'),(10540,41,12,'-1'),(10541,41,13,'-4'),(10542,41,14,'39'),(10543,41,15,'36'),(10544,41,16,'0'),(10545,41,17,'0'),(10546,41,18,'0'),(10547,41,19,'29.4'),(10548,41,20,'26.7'),(10549,41,21,'22.4'),(10550,41,23,'27.2'),(10551,41,24,'31.3'),(10552,41,25,'34.6'),(10553,41,26,'36.3'),(10554,41,27,'39.8'),(10555,41,28,'41.3'),(10556,41,29,'42.6'),(10557,41,30,'43.7'),(10558,41,31,'39.8'),(10559,41,32,'38.2'),(10560,41,33,'42.4'),(10561,41,34,'46.6'),(10562,41,35,'50.9'),(10563,41,36,'54.2'),(10564,41,37,'57.3'),(10565,41,38,'36.8'),(10566,41,39,'2'),(10567,41,40,'3'),(10568,41,41,'3'),(10569,41,42,'42'),(10570,41,43,'8'),(10571,41,44,''),(10572,41,45,'8.8'),(10573,41,46,''),(10574,41,47,''),(10575,42,10,'41'),(10576,42,12,'-1'),(10577,42,13,'-4'),(10578,42,14,'40'),(10579,42,15,'37'),(10580,42,16,'34.6'),(10581,42,17,'31.2'),(10582,42,18,'29'),(10583,42,19,'29.1'),(10584,42,20,'28.4'),(10585,42,21,'29'),(10586,42,23,'27.5'),(10587,42,24,'34.1'),(10588,42,25,'36.3'),(10589,42,26,'39.9'),(10590,42,27,'41.1'),(10591,42,28,'41.3'),(10592,42,29,'39.8'),(10593,42,30,'38'),(10594,42,31,'38'),(10595,42,32,'41.2'),(10596,42,33,'44.5'),(10597,42,34,'49.1'),(10598,42,35,'53.9'),(10599,42,36,'58.1'),(10600,42,37,'61.6'),(10601,42,38,'38.8'),(10602,42,39,'2'),(10603,42,40,'3'),(10604,42,41,'3'),(10605,42,42,'57'),(10606,42,43,'10'),(10607,42,44,''),(10608,42,45,'12.8'),(10609,42,46,''),(10610,42,47,''),(10611,43,10,'41'),(10612,43,12,'-1'),(10613,43,13,'-5'),(10614,43,14,'40'),(10615,43,15,'36'),(10616,43,16,'28.5'),(10617,43,17,'32.9'),(10618,43,18,'29.7'),(10619,43,19,'25.8'),(10620,43,20,'23.9'),(10621,43,21,'27.6'),(10622,43,23,'26.8'),(10623,43,24,'34.4'),(10624,43,25,'33.8'),(10625,43,26,'36.9'),(10626,43,27,'39'),(10627,43,28,'41.1'),(10628,43,29,'43.7'),(10629,43,30,'44.2'),(10630,43,31,'42.3'),(10631,43,32,'43.9'),(10632,43,33,'42.4'),(10633,43,34,'44.6'),(10634,43,35,'49.7'),(10635,43,36,'49.9'),(10636,43,37,'50.1'),(10637,43,38,'36.8'),(10638,43,39,'2'),(10639,43,40,'3'),(10640,43,41,'3'),(10641,43,42,'42'),(10642,43,43,'6'),(10643,43,44,''),(10644,43,45,'10.8'),(10645,43,46,''),(10646,43,47,''),(10647,45,10,'41'),(10648,45,12,'-1'),(10649,45,13,'-4'),(10650,45,14,'40'),(10651,45,15,'37'),(10652,45,16,'0'),(10653,45,17,'0'),(10654,45,18,'0'),(10655,45,19,'25.7'),(10656,45,20,'26.6'),(10657,45,21,'25.4'),(10658,45,23,'29.7'),(10659,45,24,'31.2'),(10660,45,25,'35.8'),(10661,45,26,'39.1'),(10662,45,27,'42.2'),(10663,45,28,'43.4'),(10664,45,29,'44.3'),(10665,45,30,'42.6'),(10666,45,31,'39.3'),(10667,45,32,'39.2'),(10668,45,33,'40.9'),(10669,45,34,'45.8'),(10670,45,35,'50.2'),(10671,45,36,'54.3'),(10672,45,37,'58.5'),(10673,45,38,'34.8'),(10674,45,39,'2'),(10675,45,40,'3'),(10676,45,41,'3'),(10677,45,42,'47'),(10678,45,43,'8'),(10679,45,44,''),(10680,45,45,'10.8'),(10681,45,46,''),(10682,45,47,''),(10683,47,10,'42'),(10684,47,12,'-2'),(10685,47,13,'-6'),(10686,47,14,'40'),(10687,47,15,'36'),(10688,47,16,'31.1'),(10689,47,17,'27.5'),(10690,47,18,'24'),(10691,47,19,'21.5'),(10692,47,20,'21.4'),(10693,47,21,'31'),(10694,47,23,'29'),(10695,47,24,'32.7'),(10696,47,25,'35.6'),(10697,47,26,'39.3'),(10698,47,27,'41.5'),(10699,47,28,'43.3'),(10700,47,29,'44.6'),(10701,47,30,'44'),(10702,47,31,'39.5'),(10703,47,32,'39.8'),(10704,47,33,'44.2'),(10705,47,34,'50.4'),(10706,47,35,'56.6'),(10707,47,36,'63.1'),(10708,47,37,'69.2'),(10709,47,38,'46.8'),(10710,47,39,'2'),(10711,47,40,'3'),(10712,47,41,'3'),(10713,47,42,'57'),(10714,47,43,'8'),(10715,47,44,'4'),(10716,47,45,'10.8'),(10717,47,46,''),(10718,47,47,''),(10719,44,10,'41'),(10720,44,12,'-2'),(10721,44,13,'-6'),(10722,44,14,'39'),(10723,44,15,'35'),(10724,44,16,'0'),(10725,44,17,'0'),(10726,44,18,'0'),(10727,44,19,'25.9'),(10728,44,20,'22.8'),(10729,44,21,'22.6'),(10730,44,23,'27.2'),(10731,44,24,'27.5'),(10732,44,25,'32.5'),(10733,44,26,'35.5'),(10734,44,27,'40'),(10735,44,28,'44.7'),(10736,44,29,'47.2'),(10737,44,30,'49.3'),(10738,44,31,'49.4'),(10739,44,32,'49'),(10740,44,33,'46.4'),(10741,44,34,'49'),(10742,44,35,'53.8'),(10743,44,36,'58.7'),(10744,44,37,'62.6'),(10745,44,38,'30.4'),(10746,44,39,'2'),(10747,44,40,'2'),(10748,44,41,'3'),(10749,44,42,'36'),(10750,44,43,'8.4'),(10751,44,44,''),(10752,44,45,'6'),(10753,44,46,''),(10754,44,47,''),(10755,46,10,'42'),(10756,46,12,'-3'),(10757,46,13,'-7'),(10758,46,14,'39'),(10759,46,15,'35'),(10760,46,16,'39'),(10761,46,17,'31.9'),(10762,46,18,'30.3'),(10763,46,19,'30.2'),(10764,46,20,'26'),(10765,46,21,'21.7'),(10766,46,23,'24.6'),(10767,46,24,'29.8'),(10768,46,25,'34.5'),(10769,46,26,'35.1'),(10770,46,27,'39.9'),(10771,46,28,'43.1'),(10772,46,29,'46.8'),(10773,46,30,'50'),(10774,46,31,'51'),(10775,46,32,'50.5'),(10776,46,33,'46.9'),(10777,46,34,'47.5'),(10778,46,35,'50'),(10779,46,36,'54.4'),(10780,46,37,'57.1'),(10781,46,38,'30.8'),(10782,46,39,'2'),(10783,46,40,'3'),(10784,46,41,'3'),(10785,46,42,'37'),(10786,46,43,'8.8'),(10787,46,44,''),(10788,46,45,'6'),(10789,46,46,''),(10790,46,47,''),(10791,48,10,'42'),(10792,48,12,'-2'),(10793,48,13,'-6'),(10794,48,14,'40'),(10795,48,15,'36'),(10796,48,16,'0'),(10797,48,17,'0'),(10798,48,18,'0'),(10799,48,19,'27'),(10800,48,20,'22.7'),(10801,48,21,'23.4'),(10802,48,23,'26.7'),(10803,48,24,'30.4'),(10804,48,25,'33.6'),(10805,48,26,'37.2'),(10806,48,27,'41.6'),(10807,48,28,'44.8'),(10808,48,29,'46.6'),(10809,48,30,'48.7'),(10810,48,31,'47.8'),(10811,48,32,'47.3'),(10812,48,33,'43.8'),(10813,48,34,'45.4'),(10814,48,35,'50.4'),(10815,48,36,'55.9'),(10816,48,37,'62.8'),(10817,48,38,'34.8'),(10818,48,39,'2'),(10819,48,40,'3'),(10820,48,41,'3'),(10821,48,42,'37'),(10822,48,43,'8.8'),(10823,48,44,''),(10824,48,45,'6'),(10825,48,46,''),(10826,48,47,''),(10863,50,10,'42'),(10864,50,12,'-2'),(10865,50,13,'-6'),(10866,50,14,'40'),(10867,50,15,'36'),(10868,50,16,'0'),(10869,50,17,'0'),(10870,50,18,'0'),(10871,50,19,'27'),(10872,50,20,'23.8'),(10873,50,21,'22.7'),(10874,50,23,'27.5'),(10875,50,24,'29.3'),(10876,50,25,'34.9'),(10877,50,26,'38.3'),(10878,50,27,'40.3'),(10879,50,28,'44.4'),(10880,50,29,'47.1'),(10881,50,30,'48.6'),(10882,50,31,'47.1'),(10883,50,32,'47'),(10884,50,33,'48.5'),(10885,50,34,'51.5'),(10886,50,35,'54.3'),(10887,50,36,'58.8'),(10888,50,37,'64'),(10889,50,38,'32.8'),(10890,50,39,'2'),(10891,50,40,'3'),(10892,50,41,'3'),(10893,50,42,'42'),(10894,50,43,'8'),(10895,50,44,''),(10896,50,45,'8.8'),(10897,50,46,''),(10898,50,47,''),(10899,51,10,'42'),(10900,51,12,'-1'),(10901,51,13,'-4'),(10902,51,14,'41'),(10903,51,15,'38'),(10904,51,16,'0'),(10905,51,17,'0'),(10906,51,18,'0'),(10907,51,19,'32'),(10908,51,20,'30.1'),(10909,51,21,'27.3'),(10910,51,23,'27.4'),(10911,51,24,'35.1'),(10912,51,25,'35.8'),(10913,51,26,'39.8'),(10914,51,27,'42.1'),(10915,51,28,'44.6'),(10916,51,29,'44.8'),(10917,51,30,'42.4'),(10918,51,31,'41.4'),(10919,51,32,'40.8'),(10920,51,33,'44.4'),(10921,51,34,'48.3'),(10922,51,35,'54.7'),(10923,51,36,'60.7'),(10924,51,37,'63.1'),(10925,51,38,'42.8'),(10926,51,39,'2'),(10927,51,40,'3'),(10928,51,41,'3'),(10929,51,42,'47'),(10930,51,43,'10'),(10931,51,44,''),(10932,51,45,'8.8'),(10933,51,46,''),(10934,51,47,''),(10935,54,10,'43'),(10936,54,12,'-2'),(10937,54,13,'-7'),(10938,54,14,'41'),(10939,54,15,'36'),(10940,54,16,'33.8'),(10941,54,17,'31.1'),(10942,54,18,'28.6'),(10943,54,19,'22.7'),(10944,54,20,'24.7'),(10945,54,21,'23.8'),(10946,54,23,'27.6'),(10947,54,24,'34.9'),(10948,54,25,'38.9'),(10949,54,26,'41.3'),(10950,54,27,'43.3'),(10951,54,28,'43.5'),(10952,54,29,'43.2'),(10953,54,30,'43.6'),(10954,54,31,'43'),(10955,54,32,'43.7'),(10956,54,33,'45.9'),(10957,54,34,'50.8'),(10958,54,35,'56.7'),(10959,54,36,'61.9'),(10960,54,37,'65.9'),(10961,54,38,'38.3'),(10962,54,39,'2'),(10963,54,40,'5'),(10964,54,41,'3'),(10965,54,42,'55.75'),(10966,54,43,'9.5'),(10967,54,44,''),(10968,54,45,'12.8'),(10969,54,46,''),(10970,54,47,''),(10971,55,10,'43'),(10972,55,12,'-2'),(10973,55,13,'-7'),(10974,55,14,'41'),(10975,55,15,'36'),(10976,55,16,'28.8'),(10977,55,17,'33.6'),(10978,55,18,'32.6'),(10979,55,19,'27.2'),(10980,55,20,'23.3'),(10981,55,21,'24'),(10982,55,23,'25.7'),(10983,55,24,'30.7'),(10984,55,25,'34.5'),(10985,55,26,'38'),(10986,55,27,'42.3'),(10987,55,28,'45.1'),(10988,55,29,'47.9'),(10989,55,30,'49.9'),(10990,55,31,'47.9'),(10991,55,32,'48.1'),(10992,55,33,'50.8'),(10993,55,34,'53.9'),(10994,55,35,'58'),(10995,55,36,'65.1'),(10996,55,37,'66.1'),(10997,55,38,'46.8'),(10998,55,39,'2'),(10999,55,40,'3'),(11000,55,41,'3'),(11001,55,42,'57'),(11002,55,43,'8'),(11003,55,44,'6'),(11004,55,45,'8.8'),(11005,55,46,''),(11006,55,47,''),(11007,53,10,'43'),(11008,53,12,'-2'),(11009,53,13,'-6'),(11010,53,14,'41'),(11011,53,15,'37'),(11012,53,16,'33.6'),(11013,53,17,'32.1'),(11014,53,18,'31.1'),(11015,53,19,'27.5'),(11016,53,20,'24.6'),(11017,53,21,'25.5'),(11018,53,23,'28.1'),(11019,53,24,'33.5'),(11020,53,25,'35.1'),(11021,53,26,'39.3'),(11022,53,27,'42.6'),(11023,53,28,'45.1'),(11024,53,29,'48.1'),(11025,53,30,'49.6'),(11026,53,31,'48.3'),(11027,53,32,'48.3'),(11028,53,33,'44.6'),(11029,53,34,'46.4'),(11030,53,35,'51.7'),(11031,53,36,'58.3'),(11032,53,37,'63.6'),(11033,53,38,'36.8'),(11034,53,39,'2'),(11035,53,40,'3'),(11036,53,41,'3'),(11037,53,42,'42'),(11038,53,43,'6'),(11039,53,44,''),(11040,53,45,'10.8'),(11041,53,46,''),(11042,53,47,''),(11043,49,10,'42'),(11044,49,12,'-3'),(11045,49,13,'-7'),(11046,49,14,'39'),(11047,49,15,'35'),(11048,49,16,'0'),(11049,49,17,'0'),(11050,49,18,'0'),(11051,49,19,'29.8'),(11052,49,20,'25.8'),(11053,49,21,'21'),(11054,49,23,'26.2'),(11055,49,24,'29.1'),(11056,49,25,'33.4'),(11057,49,26,'27.2'),(11058,49,27,'41.5'),(11059,49,28,'45.1'),(11060,49,29,'47.7'),(11061,49,30,'49.8'),(11062,49,31,'49.7'),(11063,49,32,'49.8'),(11064,49,33,'46.7'),(11065,49,34,'48.3'),(11066,49,35,'53.5'),(11067,49,36,'57.5'),(11068,49,37,'63'),(11069,49,38,'32.8'),(11070,49,39,'2'),(11071,49,40,'3'),(11072,49,41,'3'),(11073,49,42,'42'),(11074,49,43,'6'),(11075,49,44,''),(11076,49,45,'10.8'),(11077,49,46,''),(11078,49,47,''),(11079,52,10,'42'),(11080,52,12,'-1'),(11081,52,13,'-6'),(11082,52,14,'41'),(11083,52,15,'36'),(11084,52,16,'27.1'),(11085,52,17,'36.6'),(11086,52,18,'33.4'),(11087,52,19,'28.1'),(11088,52,20,'23.2'),(11089,52,21,'24.4'),(11090,52,23,'28.1'),(11091,52,24,'33.1'),(11092,52,25,'33'),(11093,52,26,'36.1'),(11094,52,27,'39'),(11095,52,28,'43.3'),(11096,52,29,'48.1'),(11097,52,30,'51.3'),(11098,52,31,'52.6'),(11099,52,32,'53.1'),(11100,52,33,'50'),(11101,52,34,'49.6'),(11102,52,35,'53.4'),(11103,52,36,'60'),(11104,52,37,'65.1'),(11105,52,38,'42.8'),(11106,52,39,'2'),(11107,52,40,'3'),(11108,52,41,'3'),(11109,52,42,'47'),(11110,52,43,'6'),(11111,52,44,'4'),(11112,52,45,'8.8'),(11113,52,46,''),(11114,52,47,''),(11115,56,10,'44'),(11116,56,12,'-3'),(11117,56,13,'-8'),(11118,56,14,'41'),(11119,56,15,'36'),(11120,56,16,'33.2'),(11121,56,17,'31.2'),(11122,56,18,'31.4'),(11123,56,19,'23.9'),(11124,56,20,'23.8'),(11125,56,21,'25.2'),(11126,56,23,'25.5'),(11127,56,24,'34.2'),(11128,56,25,'35.9'),(11129,56,26,'40.3'),(11130,56,27,'43'),(11131,56,28,'46.3'),(11132,56,29,'48.9'),(11133,56,30,'48.6'),(11134,56,31,'47.7'),(11135,56,32,'50.1'),(11136,56,33,'52.3'),(11137,56,34,'54.8'),(11138,56,35,'57.4'),(11139,56,36,'64.3'),(11140,56,37,'70.1'),(11141,56,38,'46.8'),(11142,56,39,'2'),(11143,56,40,'3'),(11144,56,41,'3'),(11145,56,42,'62'),(11146,56,43,'8.8'),(11147,56,44,'6'),(11148,56,45,'10'),(11149,56,46,''),(11150,56,47,''),(11151,57,10,'44'),(11152,57,12,'-3'),(11153,57,13,'-7'),(11154,57,14,'41'),(11155,57,15,'37'),(11156,57,16,'0'),(11157,57,17,'0'),(11158,57,18,'0'),(11159,57,19,'31.1'),(11160,57,20,'27'),(11161,57,21,'22.9'),(11162,57,23,'30.6'),(11163,57,24,'31.5'),(11164,57,25,'35.8'),(11165,57,26,'38.5'),(11166,57,27,'43.2'),(11167,57,28,'45.7'),(11168,57,29,'47.6'),(11169,57,30,'49.2'),(11170,57,31,'46.5'),(11171,57,32,'46'),(11172,57,33,'47.3'),(11173,57,34,'50.3'),(11174,57,35,'54.6'),(11175,57,36,'58.2'),(11176,57,37,'62.9'),(11177,57,38,'34.8'),(11178,57,39,'2'),(11179,57,40,'3'),(11180,57,41,'3'),(11181,57,42,'47'),(11182,57,43,'8'),(11183,57,44,''),(11184,57,45,'10.8'),(11185,57,46,''),(11186,57,47,''),(11187,58,10,'44'),(11188,58,12,'-2'),(11189,58,13,'-7'),(11190,58,14,'42'),(11191,58,15,'37'),(11192,58,16,'34.9'),(11193,58,17,'28.3'),(11194,58,18,'29.8'),(11195,58,19,'24.8'),(11196,58,20,'23.1'),(11197,58,21,'26.9'),(11198,58,23,'28.6'),(11199,58,24,'31.8'),(11200,58,25,'36.7'),(11201,58,26,'39.1'),(11202,58,27,'42.9'),(11203,58,28,'46.5'),(11204,58,29,'48'),(11205,58,30,'49'),(11206,58,31,'47.2'),(11207,58,32,'46.4'),(11208,58,33,'46.7'),(11209,58,34,'50.6'),(11210,58,35,'57.2'),(11211,58,36,'64.5'),(11212,58,37,'70.8'),(11213,58,38,'48.8'),(11214,58,39,'2'),(11215,58,40,'3'),(11216,58,41,'3'),(11217,58,42,'62'),(11218,58,43,'8'),(11219,58,44,'6'),(11220,58,45,'10.8'),(11221,58,46,''),(11222,58,47,''),(11259,59,10,'44'),(11260,59,12,'-2'),(11261,59,13,'-6'),(11262,59,14,'42'),(11263,59,15,'38'),(11264,59,16,'0'),(11265,59,17,'0'),(11266,59,18,'0'),(11267,59,19,'31.1'),(11268,59,20,'28.9'),(11269,59,21,'27.1'),(11270,59,23,'26.4'),(11271,59,24,'31'),(11272,59,25,'37.5'),(11273,59,26,'40.1'),(11274,59,27,'42.9'),(11275,59,28,'46.2'),(11276,59,29,'48.3'),(11277,59,30,'49.1'),(11278,59,31,'48.2'),(11279,59,32,'47.4'),(11280,59,33,'49.6'),(11281,59,34,'50.5'),(11282,59,35,'53.5'),(11283,59,36,'56.8'),(11284,59,37,'59.2'),(11285,59,38,'36.4'),(11286,59,39,'2'),(11287,59,40,'2'),(11288,59,41,'3'),(11289,59,42,'41'),(11290,59,43,'8'),(11291,59,44,''),(11292,59,45,'8.4'),(11293,59,46,''),(11294,59,47,''),(11295,60,10,'45'),(11296,60,12,'-2'),(11297,60,13,'-7'),(11298,60,14,'43'),(11299,60,15,'38'),(11300,60,16,'31.7'),(11301,60,17,'27.6'),(11302,60,18,'29.5'),(11303,60,19,'26.1'),(11304,60,20,'26.8'),(11305,60,21,'26.3'),(11306,60,23,'27.9'),(11307,60,24,'34.6'),(11308,60,25,'37.3'),(11309,60,26,'39.7'),(11310,60,27,'44.6'),(11311,60,28,'47.3'),(11312,60,29,'49.4'),(11313,60,30,'51.6'),(11314,60,31,'51.7'),(11315,60,32,'50.1'),(11316,60,33,'50.7'),(11317,60,34,'53.7'),(11318,60,35,'58.7'),(11319,60,36,'65.2'),(11320,60,37,'70.7'),(11321,60,38,'51'),(11322,60,39,'2'),(11323,60,40,'5'),(11324,60,41,'3'),(11325,60,42,'57.5'),(11326,60,43,'9.5'),(11327,60,44,'4'),(11328,60,45,'9.5'),(11329,60,46,''),(11330,60,47,''),(11331,61,10,'45'),(11332,61,12,'-2'),(11333,61,13,'-6'),(11334,61,14,'43'),(11335,61,15,'39'),(11336,61,16,'0'),(11337,61,17,'0'),(11338,61,18,'0'),(11339,61,19,'35.7'),(11340,61,20,'27.3'),(11341,61,21,'26.7'),(11342,61,23,'30.6'),(11343,61,24,'36.1'),(11344,61,25,'35.5'),(11345,61,26,'40.7'),(11346,61,27,'44.4'),(11347,61,28,'46.6'),(11348,61,29,'47'),(11349,61,30,'46.5'),(11350,61,31,'46.8'),(11351,61,32,'49.1'),(11352,61,33,'51.9'),(11353,61,34,'53.7'),(11354,61,35,'56.1'),(11355,61,36,'59.8'),(11356,61,37,'64.6'),(11357,61,38,'34.8'),(11358,61,39,'2'),(11359,61,40,'3'),(11360,61,41,'3'),(11361,61,42,'47'),(11362,61,43,'10'),(11363,61,44,''),(11364,61,45,'8.8'),(11365,61,46,''),(11366,61,47,''),(11367,62,10,'45'),(11368,62,12,'-1'),(11369,62,13,'-4'),(11370,62,14,'44'),(11371,62,15,'41'),(11372,62,16,'0'),(11373,62,17,'0'),(11374,62,18,'0'),(11375,62,19,'35.6'),(11376,62,20,'32.5'),(11377,62,21,'31'),(11378,62,23,'29.9'),(11379,62,24,'35.7'),(11380,62,25,'38.3'),(11381,62,26,'42.7'),(11382,62,27,'43.8'),(11383,62,28,'45.5'),(11384,62,29,'46.7'),(11385,62,30,'45.9'),(11386,62,31,'45.2'),(11387,62,32,'45.3'),(11388,62,33,'48.3'),(11389,62,34,'50.7'),(11390,62,35,'53.7'),(11391,62,36,'56.5'),(11392,62,37,'59.1'),(11393,62,38,'38.8'),(11394,62,39,'2'),(11395,62,40,'3'),(11396,62,41,'3'),(11397,62,42,'57'),(11398,62,43,'10'),(11399,62,44,''),(11400,62,45,'12.8'),(11401,62,46,''),(11402,62,47,''),(11403,63,10,'46'),(11404,63,12,'-3'),(11405,63,13,'-7'),(11406,63,14,'43'),(11407,63,15,'39'),(11408,63,16,'0'),(11409,63,17,'0'),(11410,63,18,'0'),(11411,63,19,'28'),(11412,63,20,'28.7'),(11413,63,21,'26.9'),(11414,63,23,'28.2'),(11415,63,24,'36.4'),(11416,63,25,'36.9'),(11417,63,26,'40.9'),(11418,63,27,'42.9'),(11419,63,28,'45.8'),(11420,63,29,'48.7'),(11421,63,30,'49.6'),(11422,63,31,'49.8'),(11423,63,32,'49.9'),(11424,63,33,'52.4'),(11425,63,34,'54.3'),(11426,63,35,'55.7'),(11427,63,36,'59.7'),(11428,63,37,'69'),(11429,63,38,'38.3'),(11430,63,39,'2'),(11431,63,40,'5'),(11432,63,41,'3'),(11433,63,42,'45.75'),(11434,63,43,'9.5'),(11435,63,44,''),(11436,63,45,'8.8'),(11437,63,46,''),(11438,63,47,''),(11439,65,10,'46'),(11440,65,12,'-1'),(11441,65,13,'-5'),(11442,65,14,'45'),(11443,65,15,'41'),(11444,65,16,'0'),(11445,65,17,'0'),(11446,65,18,'0'),(11447,65,19,'33.1'),(11448,65,20,'27.4'),(11449,65,21,'29.8'),(11450,65,23,'32.2'),(11451,65,24,'34.8'),(11452,65,25,'39'),(11453,65,26,'42.2'),(11454,65,27,'43.8'),(11455,65,28,'46.7'),(11456,65,29,'48.2'),(11457,65,30,'47.8'),(11458,65,31,'48.4'),(11459,65,32,'51.2'),(11460,65,33,'53.7'),(11461,65,34,'55.6'),(11462,65,35,'57.7'),(11463,65,36,'59.5'),(11464,65,37,'60.9'),(11465,65,38,'38.8'),(11466,65,39,'2'),(11467,65,40,'3'),(11468,65,41,'3'),(11469,65,42,'47'),(11470,65,43,'10'),(11471,65,44,''),(11472,65,45,'8.8'),(11473,65,46,''),(11474,65,47,''),(11475,64,10,'46'),(11476,64,12,'-2'),(11477,64,13,'-6'),(11478,64,14,'44'),(11479,64,15,'40'),(11480,64,16,'31.2'),(11481,64,17,'28.3'),(11482,64,18,'24.3'),(11483,64,19,'29.2'),(11484,64,20,'28.1'),(11485,64,21,'31'),(11486,64,23,'29.4'),(11487,64,24,'37.7'),(11488,64,25,'39.5'),(11489,64,26,'41.7'),(11490,64,27,'44.8'),(11491,64,28,'47.3'),(11492,64,29,'48.5'),(11493,64,30,'45.9'),(11494,64,31,'45.3'),(11495,64,32,'45.9'),(11496,64,33,'49.1'),(11497,64,34,'54.5'),(11498,64,35,'60.8'),(11499,64,36,'67'),(11500,64,37,'71.4'),(11501,64,38,'52.8'),(11502,64,39,'2'),(11503,64,40,'3'),(11504,64,41,'3'),(11505,64,42,'72'),(11506,64,43,'10'),(11507,64,44,'6'),(11508,64,45,'12.8'),(11509,64,46,''),(11510,64,47,''),(11511,66,10,'46'),(11512,66,12,'-1'),(11513,66,13,'-4'),(11514,66,14,'45'),(11515,66,15,'42'),(11516,66,16,'0'),(11517,66,17,'0'),(11518,66,18,'0'),(11519,66,19,'36'),(11520,66,20,'33.2'),(11521,66,21,'32.7'),(11522,66,23,'33.3'),(11523,66,24,'37.3'),(11524,66,25,'39.5'),(11525,66,26,'42.1'),(11526,66,27,'43.7'),(11527,66,28,'45.7'),(11528,66,29,'46.5'),(11529,66,30,'46.5'),(11530,66,31,'46.1'),(11531,66,32,'47.2'),(11532,66,33,'48.6'),(11533,66,34,'51.1'),(11534,66,35,'54.2'),(11535,66,36,'57.4'),(11536,66,37,'59.8'),(11537,66,38,'40.8'),(11538,66,39,'2'),(11539,66,40,'3'),(11540,66,41,'3'),(11541,66,42,'52'),(11542,66,43,'10'),(11543,66,44,''),(11544,66,45,'10.8'),(11545,66,46,''),(11546,66,47,''),(11547,67,10,'50'),(11548,67,12,'-1'),(11549,67,13,'-4'),(11550,67,14,'49'),(11551,67,15,'46'),(11552,67,16,'0'),(11553,67,17,'0'),(11554,67,18,'0'),(11555,67,19,'39.2'),(11556,67,20,'36.7'),(11557,67,21,'37'),(11558,67,23,'38.3'),(11559,67,24,'39'),(11560,67,25,'43.7'),(11561,67,26,'45.7'),(11562,67,27,'46.6'),(11563,67,28,'48.4'),(11564,67,29,'49.5'),(11565,67,30,'50.6'),(11566,67,31,'50.7'),(11567,67,32,'51.2'),(11568,67,33,'53.4'),(11569,67,34,'56.4'),(11570,67,35,'59'),(11571,67,36,'61'),(11572,67,37,'62.7'),(11573,67,38,'45.6'),(11574,67,39,'2'),(11575,67,40,'3'),(11576,67,41,'3'),(11577,67,42,'74'),(11578,67,43,'16.8'),(11579,67,44,''),(11580,67,45,'12.8'),(11581,67,46,''),(11582,67,47,''),(11655,69,10,'51'),(11656,69,12,'-1'),(11657,69,13,'-4'),(11658,69,14,'50'),(11659,69,15,'47'),(11660,69,16,'0'),(11661,69,17,'0'),(11662,69,18,'0'),(11663,69,19,'39.6'),(11664,69,20,'38.7'),(11665,69,21,'38.9'),(11666,69,23,'39.5'),(11667,69,24,'40.3'),(11668,69,25,'45.4'),(11669,69,26,'46.7'),(11670,69,27,'47.4'),(11671,69,28,'49.5'),(11672,69,29,'50.2'),(11673,69,30,'50.5'),(11674,69,31,'50.7'),(11675,69,32,'51.5'),(11676,69,33,'54.9'),(11677,69,34,'56.8'),(11678,69,35,'58.8'),(11679,69,36,'61.8'),(11680,69,37,'63.7'),(11681,69,38,'47.3'),(11682,69,39,'2'),(11683,69,40,'5'),(11684,69,41,'3'),(11685,69,42,'80.75'),(11686,69,43,'15.5'),(11687,69,44,''),(11688,69,45,'16.8'),(11689,69,46,''),(11690,69,47,''),(11727,103,10,'43'),(11728,103,12,'-2'),(11729,103,13,'-6'),(11730,103,14,'41'),(11731,103,15,'37'),(11732,103,16,'16.5'),(11733,103,17,'22.0'),(11734,103,18,'25.3'),(11735,103,19,'27.4'),(11736,103,20,'26.3'),(11737,103,21,'24.3'),(11738,103,23,'28.5'),(11739,103,24,'32.3'),(11740,103,25,'34.6'),(11741,103,26,'39.2'),(11742,103,27,'42.3'),(11743,103,28,'43.3'),(11744,103,29,'45.8'),(11745,103,30,'46.6'),(11746,103,31,'45.7'),(11747,103,32,'46.6'),(11748,103,33,'48.1'),(11749,103,34,'52.5'),(11750,103,35,'56.3'),(11751,103,36,'58.6'),(11752,103,37,'61.0'),(11753,103,38,'33.5'),(11754,103,39,'2'),(11755,103,40,'3'),(11756,103,41,'1'),(11757,103,42,'53.8'),(11758,103,43,'12.8'),(11759,103,44,''),(11760,103,45,'8.8'),(11761,103,46,'43'),(11762,103,47,'34'),(11763,115,10,'43'),(11764,115,12,'-1'),(11765,115,13,'-6'),(11766,115,14,'42'),(11767,115,15,'37'),(11768,115,16,'18.6'),(11769,115,17,'21'),(11770,115,18,'22'),(11771,115,19,'22.6'),(11772,115,20,'26.9'),(11773,115,21,'28.9'),(11774,115,23,'30.3'),(11775,115,24,'33.5'),(11776,115,25,'33.4'),(11777,115,26,'37.1'),(11778,115,27,'41.2'),(11779,115,28,'43.9'),(11780,115,29,'46.3'),(11781,115,30,'46.9'),(11782,115,31,'46.6'),(11783,115,32,'46.7'),(11784,115,33,'45'),(11785,115,34,'48.5'),(11786,115,35,'54.3'),(11787,115,36,'60.5'),(11788,115,37,'65.9'),(11789,115,38,'48.8'),(11790,115,39,'2'),(11791,115,40,'3'),(11792,115,41,'1'),(11793,115,42,'61.9'),(11794,115,43,'12.8'),(11795,115,44,'6'),(11796,115,45,'6'),(11797,115,46,'43'),(11798,115,47,'34'),(11799,102,10,'43'),(11800,102,12,'-2'),(11801,102,13,'-7'),(11802,102,14,'41'),(11803,102,15,'36'),(11804,102,16,'16.9'),(11805,102,17,'23.1'),(11806,102,18,'24.6'),(11807,102,19,'22.6'),(11808,102,20,'20.8'),(11809,102,21,'24.2'),(11810,102,23,'29.7'),(11811,102,24,'32.7'),(11812,102,25,'35.7'),(11813,102,26,'37.7'),(11814,102,27,'42.5'),(11815,102,28,'45.6'),(11816,102,29,'48.8'),(11817,102,30,'50.5'),(11818,102,31,'51.2'),(11819,102,32,'50.3'),(11820,102,33,'48.1'),(11821,102,34,'49.8'),(11822,102,35,'54.1'),(11823,102,36,'56.8'),(11824,102,37,'59.0'),(11825,102,38,'46.8'),(11826,102,39,'2'),(11827,102,40,'3'),(11828,102,41,'1'),(11829,102,42,'56.9'),(11830,102,43,'6'),(11831,102,44,'6'),(11832,102,45,'10.8'),(11833,102,46,'43'),(11834,102,47,'32'),(11835,90,10,'43'),(11836,90,12,'-2'),(11837,90,13,'-6'),(11838,90,14,'41'),(11839,90,15,'37'),(11840,90,16,'14.4'),(11841,90,17,'20.1'),(11842,90,18,'20.8'),(11843,90,19,'29.2'),(11844,90,20,'24.1'),(11845,90,21,'25.7'),(11846,90,23,'28.7'),(11847,90,24,'34.4'),(11848,90,25,'36.6'),(11849,90,26,'37.8'),(11850,90,27,'41.1'),(11851,90,28,'43.7'),(11852,90,29,'45.8'),(11853,90,30,'46.1'),(11854,90,31,'43.8'),(11855,90,32,'43.8'),(11856,90,33,'46.9'),(11857,90,34,'52.9'),(11858,90,35,'47.6'),(11859,90,36,'59.9'),(11860,90,37,'64.4'),(11861,90,38,'48.8'),(11862,90,39,'2'),(11863,90,40,'3'),(11864,90,41,'3'),(11865,90,42,'62'),(11866,90,43,'8'),(11867,90,44,'6'),(11868,90,45,'10.8'),(11869,90,46,'43'),(11870,90,47,'34'),(11871,106,10,'43'),(11872,106,12,'-3'),(11873,106,13,'-8'),(11874,106,14,'40'),(11875,106,15,'35'),(11876,106,16,'16.3'),(11877,106,17,'19.8'),(11878,106,18,'22.4'),(11879,106,19,'25.4'),(11880,106,20,'19.4'),(11881,106,21,'22.9'),(11882,106,23,'29.3'),(11883,106,24,'32.7'),(11884,106,25,'36.9'),(11885,106,26,'40.2'),(11886,106,27,'43.6'),(11887,106,28,'44.6'),(11888,106,29,'46.0'),(11889,106,30,'47.9'),(11890,106,31,'48.0'),(11891,106,32,'48.3'),(11892,106,33,'49.4'),(11893,106,34,'50.5'),(11894,106,35,'51.9'),(11895,106,36,'56.0'),(11896,106,37,'60.2'),(11897,106,38,'46.8'),(11898,106,39,'2'),(11899,106,40,'3'),(11900,106,41,'1'),(11901,106,42,'56.9'),(11902,106,43,'8'),(11903,106,44,'6'),(11904,106,45,'8.8'),(11905,106,46,'43'),(11906,106,47,'32'),(11907,108,10,'44'),(11908,108,12,'-1'),(11909,108,13,'-4'),(11910,108,14,'43'),(11911,108,15,'40'),(11912,108,16,'15.9'),(11913,108,17,'22.3'),(11914,108,18,'20.9'),(11915,108,19,'32.2'),(11916,108,20,'30.1'),(11917,108,21,'29.7'),(11918,108,23,'31.1'),(11919,108,24,'38.5'),(11920,108,25,'37.7'),(11921,108,26,'41.3'),(11922,108,27,'43.5'),(11923,108,28,'43.8'),(11924,108,29,'43.1'),(11925,108,30,'41.7'),(11926,108,31,'42.4'),(11927,108,32,'44.3'),(11928,108,33,'48.0'),(11929,108,34,'51.9'),(11930,108,35,'54.7'),(11931,108,36,'57.0'),(11932,108,37,'58.9'),(11933,108,38,'38.8'),(11934,108,39,'2'),(11935,108,40,'1'),(11936,108,41,'3'),(11937,108,42,'66.9'),(11938,108,43,'16.8'),(11939,108,44,''),(11940,108,45,'10'),(11941,108,46,'44'),(11942,108,47,'36'),(11943,117,10,'44'),(11944,117,12,'-2'),(11945,117,13,'-6'),(11946,117,14,'42'),(11947,117,15,'38'),(11948,117,16,'15.6'),(11949,117,17,'21.8'),(11950,117,18,'21.1'),(11951,117,19,'21.7'),(11952,117,20,'30.1'),(11953,117,21,'31.2'),(11954,117,23,'33.5'),(11955,117,24,'37.5'),(11956,117,25,'34.9'),(11957,117,26,'37.8'),(11958,117,27,'41.8'),(11959,117,28,'43.4'),(11960,117,29,'45.4'),(11961,117,30,'45.7'),(11962,117,31,'44.4'),(11963,117,32,'46.6'),(11964,117,33,'45.5'),(11965,117,34,'47.1'),(11966,117,35,'50.8'),(11967,117,36,'55.9'),(11968,117,37,'59.9'),(11969,117,38,'54.8'),(11970,117,39,'2'),(11971,117,40,'3'),(11972,117,41,'1'),(11973,117,42,'56.9'),(11974,117,43,'12.8'),(11975,117,44,'4'),(11976,117,45,'6'),(11977,117,46,'44'),(11978,117,47,'35'),(11979,104,10,'44'),(11980,104,12,'-3'),(11981,104,13,'-7'),(11982,104,14,'41'),(11983,104,15,'37'),(11984,104,16,'17.4'),(11985,104,17,'23.1'),(11986,104,18,'23.9'),(11987,104,19,'27.4'),(11988,104,20,'21.2'),(11989,104,21,'24.2'),(11990,104,23,'30.6'),(11991,104,24,'32.9'),(11992,104,25,'36.7'),(11993,104,26,'39.7'),(11994,104,27,'44.5'),(11995,104,28,'46.7'),(11996,104,29,'49.6'),(11997,104,30,'50.0'),(11998,104,31,'47.6'),(11999,104,32,'47.1'),(12000,104,33,'48.4'),(12001,104,34,'50.8'),(12002,104,35,'54.7'),(12003,104,36,'57.0'),(12004,104,37,'58.4'),(12005,104,38,'50.8'),(12006,104,39,'2'),(12007,104,40,'3'),(12008,104,41,'1'),(12009,104,42,'67'),(12010,104,43,'8'),(12011,104,44,'8'),(12012,104,45,'10.8'),(12013,104,46,'44'),(12014,104,47,'33'),(12015,111,10,'45'),(12016,111,12,'-1'),(12017,111,13,'-5'),(12018,111,14,'44'),(12019,111,15,'40'),(12020,111,16,'14'),(12021,111,17,'17'),(12022,111,18,'12'),(12023,111,19,'28'),(12024,111,20,'29'),(12025,111,21,'32'),(12026,111,23,'35'),(12027,111,24,'38'),(12028,111,25,'40'),(12029,111,26,'42'),(12030,111,27,'45'),(12031,111,28,'45'),(12032,111,29,'42'),(12033,111,30,'43'),(12034,111,31,'43'),(12035,111,32,'44'),(12036,111,33,'48'),(12037,111,34,'52'),(12038,111,35,'56'),(12039,111,36,'58'),(12040,111,37,'61'),(12041,111,38,'58.8'),(12042,111,39,'2'),(12043,111,40,'3'),(12044,111,41,'1'),(12045,111,42,'66.9'),(12046,111,43,'8'),(12047,111,44,'6'),(12048,111,45,'12.8'),(12049,111,46,'45'),(12050,111,47,'30'),(12051,112,10,'46'),(12052,112,12,'-2'),(12053,112,13,'-6'),(12054,112,14,'44'),(12055,112,15,'40'),(12056,112,16,'15'),(12057,112,17,'19'),(12058,112,18,'14'),(12059,112,19,'29'),(12060,112,20,'25'),(12061,112,21,'29'),(12062,112,23,'33'),(12063,112,24,'36'),(12064,112,25,'41'),(12065,112,26,'44'),(12066,112,27,'45'),(12067,112,28,'47'),(12068,112,29,'48'),(12069,112,30,'49'),(12070,112,31,'48'),(12071,112,32,'48'),(12072,112,33,'50'),(12073,112,34,'55'),(12074,112,35,'58'),(12075,112,36,'60'),(12076,112,37,'62'),(12077,112,38,'58.8'),(12078,112,39,'2'),(12079,112,40,'3'),(12080,112,41,'1'),(12081,112,42,'67'),(12082,112,43,'8'),(12083,112,44,'6'),(12084,112,45,'12.8'),(12085,112,46,'46'),(12086,112,47,'32'),(12087,113,10,'47'),(12088,113,12,'-2'),(12089,113,13,'-7'),(12090,113,14,'45'),(12091,113,15,'40'),(12092,113,16,'16'),(12093,113,17,'23'),(12094,113,18,'24'),(12095,113,19,'28'),(12096,113,20,'26'),(12097,113,21,'28'),(12098,113,23,'31'),(12099,113,24,'39'),(12100,113,25,'40'),(12101,113,26,'43'),(12102,113,27,'46'),(12103,113,28,'48'),(12104,113,29,'50'),(12105,113,30,'51'),(12106,113,31,'51'),(12107,113,32,'52'),(12108,113,33,'54'),(12109,113,34,'56'),(12110,113,35,'58'),(12111,113,36,'61'),(12112,113,37,'62'),(12113,113,38,'37.6'),(12114,113,39,'2'),(12115,113,40,'1'),(12116,113,41,'1'),(12117,113,42,'53.8'),(12118,113,43,'12.8'),(12119,113,44,''),(12120,113,45,'8.8'),(12121,113,46,'47'),(12122,113,47,'36'),(12123,118,10,'47'),(12124,118,12,'-1'),(12125,118,13,'-4'),(12126,118,14,'46'),(12127,118,15,'43'),(12128,118,16,'15.6'),(12129,118,17,'21.3'),(12130,118,18,'14.1'),(12131,118,19,'32.1'),(12132,118,20,'32.4'),(12133,118,21,'34.0'),(12134,118,23,'34.6'),(12135,118,24,'38.6'),(12136,118,25,'41.0'),(12137,118,26,'42.6'),(12138,118,27,'46.2'),(12139,118,28,'46.6'),(12140,118,29,'45.7'),(12141,118,30,'46.9'),(12142,118,31,'47.0'),(12143,118,32,'47.4'),(12144,118,33,'49.2'),(12145,118,34,'53.2'),(12146,118,35,'57.3'),(12147,118,36,'61.4'),(12148,118,37,'62.8'),(12149,118,38,'58.3'),(12150,118,39,'2'),(12151,118,40,'5'),(12152,118,41,'1'),(12153,118,42,'65.7'),(12154,118,43,'12.8'),(12155,118,44,'4'),(12156,118,45,'9.5'),(12157,118,46,'47'),(12158,118,47,'33'),(12159,120,10,'48'),(12160,120,12,'-2'),(12161,120,13,'-6'),(12162,120,14,'46'),(12163,120,15,'42'),(12164,120,16,'16.6'),(12165,120,17,'24.6'),(12166,120,18,'27.4'),(12167,120,19,'28.8'),(12168,120,20,'27.8'),(12169,120,21,'30.3'),(12170,120,23,'35.0'),(12171,120,24,'38.9'),(12172,120,25,'42.3'),(12173,120,26,'45.5'),(12174,120,27,'48.0'),(12175,120,28,'48.9'),(12176,120,29,'50.3'),(12177,120,30,'50.7'),(12178,120,31,'50.2'),(12179,120,32,'50.1'),(12180,120,33,'51.7'),(12181,120,34,'55.3'),(12182,120,35,'58.1'),(12183,120,36,'59.7'),(12184,120,37,'59.9'),(12185,120,38,'40.3'),(12186,120,39,'2'),(12187,120,40,'3'),(12188,120,41,'3'),(12189,120,42,'65.7'),(12190,120,43,'13.5'),(12191,120,44,''),(12192,120,45,'12.8'),(12193,120,46,'48'),(12194,120,47,'38'),(12195,93,10,'48'),(12196,93,12,'-3'),(12197,93,13,'-8'),(12198,93,14,'45'),(12199,93,15,'40'),(12200,93,16,'17.9'),(12201,93,17,'26.0'),(12202,93,18,'25.2'),(12203,93,19,'27.8'),(12204,93,20,'23.6'),(12205,93,21,'30.9'),(12206,93,23,'35.9'),(12207,93,24,'39.6'),(12208,93,25,'40.6'),(12209,93,26,'42.6'),(12210,93,27,'47.1'),(12211,93,28,'48.4'),(12212,93,29,'51.5'),(12213,93,30,'53.4'),(12214,93,31,'53.6'),(12215,93,32,'54.3'),(12216,93,33,'54.9'),(12217,93,34,'56.3'),(12218,93,35,'58.7'),(12219,93,36,'60.1'),(12220,93,37,'61.1'),(12221,93,38,'51.52'),(12222,93,39,'2'),(12223,93,40,'3'),(12224,93,41,'3'),(12225,93,42,'69'),(12226,93,43,'8.8'),(12227,93,44,'6'),(12228,93,45,'12.8'),(12229,93,46,'48'),(12230,93,47,'36'),(12231,119,10,'48'),(12232,119,12,'-1'),(12233,119,13,'-3'),(12234,119,14,'47'),(12235,119,15,'45'),(12236,119,16,'15.6'),(12237,119,17,'21.3'),(12238,119,18,'14.1'),(12239,119,19,'32.1'),(12240,119,20,'32.4'),(12241,119,21,'34.0'),(12242,119,23,'34.6'),(12243,119,24,'38.6'),(12244,119,25,'41.0'),(12245,119,26,'42.6'),(12246,119,27,'46.2'),(12247,119,28,'46.6'),(12248,119,29,'45.7'),(12249,119,30,'46.9'),(12250,119,31,'47.0'),(12251,119,32,'47.4'),(12252,119,33,'49.2'),(12253,119,34,'53.2'),(12254,119,35,'57.3'),(12255,119,36,'61.4'),(12256,119,37,'62.8'),(12257,119,38,'76.6'),(12258,119,39,'2'),(12259,119,40,'3'),(12260,119,41,'3'),(12261,119,42,'111.4'),(12262,119,43,'12.8'),(12263,119,44,'4'),(12264,119,45,'27.8'),(12265,119,46,'48'),(12266,119,47,'37'),(12267,109,10,'50'),(12268,109,12,'-1'),(12269,109,13,'-3'),(12270,109,14,'49'),(12271,109,15,'47'),(12272,109,16,'16.2'),(12273,109,17,'21.5'),(12274,109,18,'17.0'),(12275,109,19,'35.5'),(12276,109,20,'36.8'),(12277,109,21,'39.2'),(12278,109,23,'41.1'),(12279,109,24,'43.1'),(12280,109,25,'45.0'),(12281,109,26,'46.6'),(12282,109,27,'49.1'),(12283,109,28,'48.8'),(12284,109,29,'49.1'),(12285,109,30,'49.5'),(12286,109,31,'48.7'),(12287,109,32,'50.2'),(12288,109,33,'52.7'),(12289,109,34,'54.8'),(12290,109,35,'57.0'),(12291,109,36,'59.1'),(12292,109,37,'60.8'),(12293,109,38,'58.5'),(12294,109,39,'2'),(12295,109,40,'1'),(12296,109,41,'3'),(12297,109,42,'86.4'),(12298,109,43,'15.5'),(12299,109,44,'4'),(12300,109,45,'15'),(12301,109,46,'50'),(12302,109,47,'36'),(12303,68,10,'51'),(12304,68,12,'-2'),(12305,68,13,'-7'),(12306,68,14,'49'),(12307,68,15,'44'),(12308,68,16,'38.5'),(12309,68,17,'30.7'),(12310,68,18,'32.2'),(12311,68,19,'31.4'),(12312,68,20,'29.9'),(12313,68,21,'32.5'),(12314,68,23,'38.1'),(12315,68,24,'41.3'),(12316,68,25,'43.6'),(12317,68,26,'45.2'),(12318,68,27,'48.4'),(12319,68,28,'51.8'),(12320,68,29,'54.4'),(12321,68,30,'55.8'),(12322,68,31,'56.5'),(12323,68,32,'55.9'),(12324,68,33,'54.6'),(12325,68,34,'55.7'),(12326,68,35,'57.8'),(12327,68,36,'61.9'),(12328,68,37,'61'),(12329,68,38,'41.6'),(12330,68,39,'2'),(12331,68,40,'3'),(12332,68,41,'3'),(12333,68,42,'54'),(12334,68,43,'12.8'),(12335,68,44,''),(12336,68,45,'8.8'),(12337,68,46,'51'),(12338,68,47,'41'),(12339,70,10,'51'),(12340,70,12,'-1'),(12341,70,13,'-3'),(12342,70,14,'50'),(12343,70,15,'48'),(12344,70,16,'31'),(12345,70,17,'33.1'),(12346,70,18,'34.1'),(12347,70,19,'38.9'),(12348,70,20,'40.8'),(12349,70,21,'38.9'),(12350,70,23,'41.9'),(12351,70,24,'44.7'),(12352,70,25,'46.1'),(12353,70,26,'47.8'),(12354,70,27,'48.7'),(12355,70,28,'48.7'),(12356,70,29,'49'),(12357,70,30,'49'),(12358,70,31,'49.2'),(12359,70,32,'50.8'),(12360,70,33,'56'),(12361,70,34,'59.8'),(12362,70,35,'65.1'),(12363,70,36,'70.7'),(12364,70,37,'71.9'),(12365,70,38,'49.6'),(12366,70,39,'2'),(12367,70,40,'3'),(12368,70,41,'3'),(12369,70,42,'74'),(12370,70,43,'16.8'),(12371,70,44,''),(12372,70,45,'12.8'),(12373,70,46,'51'),(12374,70,47,'46'),(12375,71,10,'52'),(12376,71,12,'-1'),(12377,71,13,'-3'),(12378,71,14,'51'),(12379,71,15,'49'),(12380,71,16,'35.2'),(12381,71,17,'33.2'),(12382,71,18,'32.6'),(12383,71,19,'40.1'),(12384,71,20,'41.6'),(12385,71,21,'40.8'),(12386,71,23,'41.9'),(12387,71,24,'42.8'),(12388,71,25,'45.4'),(12389,71,26,'48.4'),(12390,71,27,'50.6'),(12391,71,28,'52.8'),(12392,71,29,'54.0'),(12393,71,30,'52.3'),(12394,71,31,'49.2'),(12395,71,32,'49.4'),(12396,71,33,'54.6'),(12397,71,34,'59.6'),(12398,71,35,'64.5'),(12399,71,36,'69.8'),(12400,71,37,'70.3'),(12401,71,38,'63.3'),(12402,71,39,'2'),(12403,71,40,'5'),(12404,71,41,'3'),(12405,71,42,'90.75'),(12406,71,43,'15.5'),(12407,71,44,'4'),(12408,71,45,'16.8'),(12409,71,46,'52'),(12410,71,47,'46'),(12447,1,10,'33'),(12448,1,12,'-2'),(12449,1,13,'-5'),(12450,1,14,'31'),(12451,1,15,'28'),(12452,1,16,'8.5'),(12453,1,17,'22.1'),(12454,1,18,'22.1'),(12455,1,19,'21.9'),(12456,1,20,'17.4'),(12457,1,21,'18.4'),(12458,1,23,'17.3'),(12459,1,24,'22.7'),(12460,1,25,'22.4'),(12461,1,26,'23.9'),(12462,1,27,'28.7'),(12463,1,28,'32.7'),(12464,1,29,'38.1'),(12465,1,30,'42.6'),(12466,1,31,'46.4'),(12467,1,32,'49.7'),(12468,1,33,'51.2'),(12469,1,34,'43.8'),(12470,1,35,'36.3'),(12471,1,36,'43.7'),(12472,1,37,'49.5'),(12473,1,38,'36'),(12474,1,39,'1'),(12475,1,40,'1'),(12476,1,41,'1'),(12477,1,42,'30'),(12478,1,43,'4'),(12479,1,44,'4'),(12480,1,45,'4'),(12481,1,46,'33'),(12482,1,47,'25'),(12483,96,10,'38'),(12484,96,12,'-1'),(12485,96,13,'-5'),(12486,96,14,'37'),(12487,96,15,'33'),(12488,96,16,'15.4'),(12489,96,17,'21.2'),(12490,96,18,'24.9'),(12491,96,19,'25.1'),(12492,96,20,'22.4'),(12493,96,21,'22.5'),(12494,96,23,'22.4'),(12495,96,24,'28'),(12496,96,25,'31.3'),(12497,96,26,'35.4'),(12498,96,27,'38.7'),(12499,96,28,'39.7'),(12500,96,29,'42.5'),(12501,96,30,'43.6'),(12502,96,31,'41.1'),(12503,96,32,'40.4'),(12504,96,33,'38.4'),(12505,96,34,'41.2'),(12506,96,35,'45.9'),(12507,96,36,'50.7'),(12508,96,37,'54.7'),(12509,96,38,'28'),(12510,96,39,'1'),(12511,96,40,'1'),(12512,96,41,'1'),(12513,96,42,'35'),(12514,96,43,'8'),(12515,96,44,''),(12516,96,45,'6'),(12517,96,46,'38'),(12518,96,47,'31'),(12591,94,10,'45'),(12592,94,12,'-2'),(12593,94,13,'-7'),(12594,94,14,'43'),(12595,94,15,'38'),(12596,94,16,'35.9'),(12597,94,17,'30.2'),(12598,94,18,'30.5'),(12599,94,19,'27.4'),(12600,94,20,'27.4'),(12601,94,21,'25.4'),(12602,94,23,'30.0'),(12603,94,24,'33.4'),(12604,94,25,'37.8'),(12605,94,26,'41.9'),(12606,94,27,'43.5'),(12607,94,28,'46.4'),(12608,94,29,'49.1'),(12609,94,30,'50.8'),(12610,94,31,'49.4'),(12611,94,32,'48.5'),(12612,94,33,'50.6'),(12613,94,34,'54.7'),(12614,94,35,'60.5'),(12615,94,36,'66.6'),(12616,94,37,'67.4'),(12617,94,38,'56.8'),(12618,94,39,'2'),(12619,94,40,'1'),(12620,94,41,'1'),(12621,94,42,'62'),(12622,94,43,'10.8'),(12623,94,44,'6'),(12624,94,45,'8'),(12625,94,46,''),(12626,94,47,'');
/*!40000 ALTER TABLE `anastomosis_attributes` ENABLE KEYS */;
UNLOCK TABLES;

--
-- Table structure for table `atributes_values`
--

DROP TABLE IF EXISTS `atributes_values`;
/*!40101 SET @saved_cs_client     = @@character_set_client */;
/*!40101 SET character_set_client = utf8 */;
CREATE TABLE `atributes_values` (
  `id` int(11) NOT NULL AUTO_INCREMENT,
  `attribute_id` int(10) NOT NULL,
  `language_id` int(10) NOT NULL,
  `value` varchar(255) CHARACTER SET utf8 COLLATE utf8_polish_ci NOT NULL,
  `view` varchar(255) CHARACTER SET utf8 COLLATE utf8_polish_ci NOT NULL,
  `status` int(11) NOT NULL,
  `deleted` int(11) NOT NULL,
  `created_at` datetime NOT NULL,
  `created_by` int(11) NOT NULL,
  `modified_at` datetime NOT NULL,
  `modified_by` int(11) NOT NULL,
  PRIMARY KEY (`id`),
  KEY `attribute_id` (`attribute_id`)
) ENGINE=InnoDB AUTO_INCREMENT=19 DEFAULT CHARSET=utf16 COLLATE=utf16_polish_ci;
/*!40101 SET character_set_client = @saved_cs_client */;

--
-- Dumping data for table `atributes_values`
--

LOCK TABLES `atributes_values` WRITE;
/*!40000 ALTER TABLE `atributes_values` DISABLE KEYS */;
INSERT INTO `atributes_values` VALUES (1,38,1,'12','test2',1,1,'2014-08-18 12:08:12',12,'2014-08-18 12:20:48',12),(2,38,1,'324','asdasd',1,2,'2014-08-18 12:21:06',12,'2014-08-18 12:21:06',12),(3,39,1,'2','TAK',1,2,'2014-08-18 12:46:43',12,'2014-08-18 13:54:10',12),(4,39,1,'1','NIE',1,2,'2014-08-18 12:46:52',12,'2014-08-18 13:54:24',12),(5,40,1,'1','P4A',1,1,'2014-08-18 14:31:50',12,'2014-08-18 14:31:50',12),(6,40,1,'2','P2A',1,1,'2014-08-18 14:32:07',12,'2014-08-18 14:32:07',12),(7,41,1,'2','2B2',1,2,'2014-08-18 16:48:30',12,'2014-09-02 09:38:34',12),(8,41,1,'3','1B1',1,2,'2014-08-18 16:48:40',12,'2014-09-02 09:38:21',12),(9,41,1,'3','1B1; 2B2',1,1,'2014-08-18 16:48:57',12,'2014-08-18 16:48:57',12),(10,40,1,'0','Brak',1,1,'2014-08-18 16:50:00',12,'2014-08-18 16:50:00',12),(13,41,1,'1','Brak',1,2,'2014-08-18 17:13:22',12,'2014-08-26 13:33:47',12),(14,40,1,'1','Brak',1,2,'2014-08-25 15:42:20',12,'2014-08-26 13:05:37',12),(15,40,1,'3','P2A',1,2,'2014-08-25 15:42:29',12,'2014-08-25 15:42:29',12),(16,40,1,'4','P3A',1,2,'2014-08-25 15:43:55',12,'2014-08-25 15:43:55',12),(17,40,1,'5','P4A',1,2,'2014-08-25 15:44:06',12,'2014-08-26 12:53:34',12),(18,40,1,'2','P1A',1,2,'2014-08-25 15:43:55',12,'2014-08-25 15:43:55',12);
/*!40000 ALTER TABLE `atributes_values` ENABLE KEYS */;
UNLOCK TABLES;

--
-- Table structure for table `attributes`
--

DROP TABLE IF EXISTS `attributes`;
/*!40101 SET @saved_cs_client     = @@character_set_client */;
/*!40101 SET character_set_client = utf8 */;
CREATE TABLE `attributes` (
  `id` int(10) NOT NULL AUTO_INCREMENT,
  `group_id` float NOT NULL,
  `language_id` int(10) NOT NULL,
  `name` varchar(255) CHARACTER SET utf8 COLLATE utf8_polish_ci NOT NULL,
  `step` varchar(10) NOT NULL,
  `not_required` tinyint(1) NOT NULL DEFAULT '0',
  `option` int(10) DEFAULT NULL,
  `status` tinyint(1) NOT NULL,
  `deleted` int(11) NOT NULL,
  `created_by` int(10) NOT NULL,
  `created_at` datetime NOT NULL,
  `modified_by` int(10) NOT NULL,
  `modified_at` datetime NOT NULL,
  `type` int(1) NOT NULL COMMENT '1 - input, 2 - select',
  PRIMARY KEY (`id`)
) ENGINE=InnoDB AUTO_INCREMENT=48 DEFAULT CHARSET=latin1;
/*!40101 SET character_set_client = @saved_cs_client */;

--
-- Dumping data for table `attributes`
--

LOCK TABLES `attributes` WRITE;
/*!40000 ALTER TABLE `attributes` DISABLE KEYS */;
INSERT INTO `attributes` VALUES (1,18,1,'teas','22',1,1,1,1,12,'2013-11-06 00:25:10',12,'2013-11-06 01:29:51',0),(2,18,1,'a2','2',0,1,1,1,12,'2013-11-06 00:54:46',12,'2013-11-06 00:54:46',0),(3,19,1,'rw','2',0,1,1,1,12,'2013-11-06 00:55:07',12,'2013-11-06 00:55:07',0),(4,21,1,'Wz','1',1,1,1,1,12,'2013-11-06 18:57:21',12,'2013-11-06 23:46:02',0),(5,21,1,'kk','2',0,1,1,1,12,'2013-11-06 18:57:37',12,'2013-11-06 23:46:08',0),(6,18,1,'rw','2',0,1,1,1,12,'2013-11-06 22:57:46',12,'2013-11-06 22:57:46',0),(7,18,1,'cs','2',0,1,1,1,12,'2013-11-06 22:58:03',12,'2013-11-06 22:58:03',0),(8,18,1,'df','1',0,1,1,1,12,'2013-11-06 22:58:35',12,'2013-11-06 22:58:35',0),(9,18,1,'vv','0,1',0,1,1,1,12,'2013-11-06 22:58:48',12,'2013-11-06 23:24:40',0),(10,24,1,'R<sub>w</sub>','1',0,1,1,2,12,'2013-11-07 15:08:04',12,'2013-11-07 22:28:46',0),(11,24,1,'C','1',0,1,1,1,12,'2013-11-07 15:46:44',12,'2013-11-07 15:49:01',0),(12,24,1,'C','1',0,1,1,2,12,'2013-11-07 15:52:17',12,'2013-11-07 15:52:17',0),(13,24,1,'C<SUB>tr</SUB>','1',0,1,1,2,12,'2013-11-07 15:52:56',12,'2013-12-18 19:12:12',0),(14,24,1,'R<SUB>A</SUB>','1',0,1,1,2,12,'2013-11-07 16:02:50',12,'2013-11-07 22:56:24',0),(15,24,1,'R<sub>Atr</sub>','1',0,1,1,2,12,'2013-11-07 16:03:09',12,'2013-12-18 19:12:36',0),(16,25,1,'50','0,1',0,1,1,2,12,'2013-11-07 16:06:47',12,'2013-11-18 19:15:01',0),(17,28,1,'63','0,1',0,1,1,2,12,'2013-11-07 16:10:28',12,'2013-11-18 19:15:14',0),(18,26,1,'80','0,1',0,1,1,2,12,'2013-11-07 16:11:11',12,'2013-11-18 19:15:23',0),(19,25,1,'100','0.1',0,1,1,2,12,'2013-11-07 16:11:40',12,'2013-11-07 16:11:40',0),(20,28,1,'125','0.1',0,1,1,2,12,'2013-11-07 16:12:40',12,'2013-11-13 23:02:59',0),(21,26,1,'160','0.1',0,1,1,2,12,'2013-11-07 16:13:00',12,'2013-11-13 23:01:58',0),(22,25,1,'160','0.1',0,1,1,1,12,'2013-11-07 16:13:01',12,'2013-11-07 16:13:01',0),(23,25,1,'200','0.1',0,1,1,2,12,'2013-11-07 16:14:36',12,'2013-11-13 22:56:26',0),(24,28,1,'250','0.1',0,1,1,2,12,'2013-11-07 16:14:57',12,'2013-11-13 23:03:15',0),(25,26,1,'315','0.1',0,1,1,2,12,'2013-11-07 16:15:09',12,'2013-11-13 23:01:19',0),(26,25,1,'400','0.1',0,1,1,2,12,'2013-11-07 16:15:36',12,'2013-11-13 22:56:47',0),(27,28,1,'500','0.1',0,1,1,2,12,'2013-11-07 16:15:47',12,'2013-11-13 23:03:26',0),(28,26,1,'630','0.1',0,1,1,2,12,'2013-11-07 16:16:11',12,'2013-11-13 23:05:48',0),(29,25,1,'800','0.1',0,1,1,2,12,'2013-11-07 16:19:53',12,'2013-11-13 22:57:03',0),(30,28,1,'1k','0.1',0,1,1,2,12,'2013-11-07 16:20:05',12,'2013-11-13 23:03:44',0),(31,26,1,'1,25k','0.1',0,1,1,2,12,'2013-11-07 16:21:00',12,'2013-11-13 23:06:05',0),(32,25,1,'1,6k','0.1',0,1,1,2,12,'2013-11-07 16:21:22',12,'2013-11-13 22:57:15',0),(33,28,1,'2k','0.1',0,1,1,2,12,'2013-11-07 16:22:22',12,'2013-11-13 23:03:54',0),(34,26,1,'2,5k','0.1',0,1,1,2,12,'2013-11-07 16:22:41',12,'2013-11-13 23:06:19',0),(35,25,1,'3,15k','1',0,1,1,2,12,'2013-11-07 16:25:52',12,'2013-11-13 22:57:34',0),(36,28,1,'4k','1',0,1,1,2,12,'2013-11-07 16:26:03',12,'2013-11-13 23:04:13',0),(37,26,1,'5k','1',0,1,1,2,12,'2013-11-07 16:26:16',12,'2013-11-13 23:06:29',0),(38,30,1,'Grubo cakowita pakietu','1',0,1,1,2,12,'2014-08-18 09:57:43',12,'2014-09-02 11:09:39',0),(39,31,1,'Szyba Laminowana','1',0,1,1,2,12,'2014-08-18 12:46:19',12,'2014-08-18 12:49:51',1),(40,32,1,'Klasa szyby laminowanej ochronej','1',1,2,1,2,12,'2014-08-18 14:29:39',12,'2014-08-25 15:42:57',1),(41,33,1,'Klasa szyby laminowanej bezpiecznej','1',1,2,1,2,12,'2014-08-18 16:48:09',12,'2014-08-25 15:31:36',1),(42,34,1,'Waga pakietu 1<span>m</span><sup>2</sup>','1',0,1,1,2,12,'2014-08-18 17:07:16',12,'2014-09-04 09:19:11',0),(43,35,1,'1','1',0,1,1,2,12,'2014-08-18 17:31:10',12,'2014-09-02 11:09:24',0),(44,35,1,'2','1',1,1,1,2,12,'2014-08-18 17:31:26',12,'2014-09-02 11:08:54',0),(45,35,1,'3','1',1,1,1,2,12,'2014-08-18 17:31:43',12,'2014-09-02 11:08:27',0),(46,36,1,'STC','1',1,NULL,1,2,13,'2017-12-04 10:26:05',13,'2017-12-04 13:48:21',0),(47,36,1,'OITC','1',1,NULL,1,2,13,'2017-12-04 10:44:33',13,'2018-01-10 09:56:44',0);
/*!40000 ALTER TABLE `attributes` ENABLE KEYS */;
UNLOCK TABLES;

--
-- Table structure for table `configuration`
--

DROP TABLE IF EXISTS `configuration`;
/*!40101 SET @saved_cs_client     = @@character_set_client */;
/*!40101 SET character_set_client = utf8 */;
CREATE TABLE `configuration` (
  `id` int(11) NOT NULL AUTO_INCREMENT,
  `name` varchar(255) COLLATE utf8_polish_ci NOT NULL,
  `value` varchar(255) COLLATE utf8_polish_ci DEFAULT NULL,
  PRIMARY KEY (`id`)
) ENGINE=InnoDB AUTO_INCREMENT=20 DEFAULT CHARSET=utf8 COLLATE=utf8_polish_ci;
/*!40101 SET character_set_client = @saved_cs_client */;

--
-- Dumping data for table `configuration`
--

LOCK TABLES `configuration` WRITE;
/*!40000 ALTER TABLE `configuration` DISABLE KEYS */;
INSERT INTO `configuration` VALUES (1,'cron','1'),(2,'site_name','Konfigurator szyb dwikochonnych'),(3,'site_status','1'),(4,'site_default_language','pl'),(5,'admin_default_language','pl'),(6,'site_logo','logo.png'),(7,'site_title','Konfigurator szyb dwikochonnych'),(8,'site_description','Konfigurator szyb dwikochonnych pozwala na dobr szyb dwikochonnych za pomoc parametrw akustycznych oraz zapisanie wybranych parametrw i szyb do pliku PDF w celu ich pniejszego uycia.\r\n'),(9,'site_keywords','szyby dwikochonne, zespolenia dwikochonne'),(10,'smpt_host',NULL),(11,'smpt_password',NULL),(12,'smpt_username',NULL),(13,'smpt_port',NULL),(14,'smpt_sll',NULL),(15,'admin_email','ad.pressglas@gmail.com'),(16,'user_limit_premium','999'),(17,'user_limit','49'),(18,'bitrate_premium','128'),(19,'bitrate','64');
/*!40000 ALTER TABLE `configuration` ENABLE KEYS */;
UNLOCK TABLES;

--
-- Table structure for table `groups`
--

DROP TABLE IF EXISTS `groups`;
/*!40101 SET @saved_cs_client     = @@character_set_client */;
/*!40101 SET character_set_client = utf8 */;
CREATE TABLE `groups` (
  `id` int(10) NOT NULL AUTO_INCREMENT,
  `language_id` int(10) NOT NULL,
  `order` int(10) NOT NULL DEFAULT '1',
  `name` varchar(255) COLLATE utf8_polish_ci NOT NULL,
  `hint` varchar(155) COLLATE utf8_polish_ci DEFAULT NULL,
  `css_class` varchar(255) COLLATE utf8_polish_ci DEFAULT NULL,
  `can_hide` int(10) NOT NULL DEFAULT '0',
  `status` tinyint(1) NOT NULL,
  `deleted` tinyint(1) NOT NULL,
  `created_by` int(10) NOT NULL,
  `created_at` datetime NOT NULL,
  `modified_by` int(10) NOT NULL,
  `modified_at` datetime NOT NULL,
  PRIMARY KEY (`id`)
) ENGINE=InnoDB AUTO_INCREMENT=37 DEFAULT CHARSET=utf8 COLLATE=utf8_polish_ci;
/*!40101 SET character_set_client = @saved_cs_client */;

--
-- Dumping data for table `groups`
--

LOCK TABLES `groups` WRITE;
/*!40000 ALTER TABLE `groups` DISABLE KEYS */;
INSERT INTO `groups` VALUES (23,1,24,'&nbsp','',NULL,0,1,2,12,'2013-11-07 14:43:26',12,'2013-12-21 12:22:47'),(24,1,25,'Hz3','dB',NULL,0,1,2,12,'2013-11-07 16:25:24',12,'2013-12-21 12:20:40'),(25,1,26,'Hz','dB',NULL,1,1,2,12,'2013-11-07 16:05:49',12,'2013-12-21 12:18:50'),(26,1,28,'Hz','dB',NULL,1,1,2,12,'2013-11-07 16:14:10',12,'2013-12-21 12:18:44'),(28,1,27,'Hz','dB',NULL,0,1,2,12,'2013-11-07 16:25:24',12,'2013-12-21 12:20:40'),(30,1,29,'Grubo cakowita pakietu','','size special22',0,1,2,12,'2014-08-18 10:50:30',12,'2014-08-18 17:50:40'),(31,1,40,'Szyba laminowana','','glass_laminate',1,1,2,12,'2014-08-18 12:49:43',12,'2014-08-18 12:49:43'),(32,1,37,'Klasa szyby laminowanej ochronnej','','protection_class special22',0,1,2,12,'2014-08-18 14:29:14',12,'2014-08-18 14:29:14'),(33,1,38,'Klasa szyby laminowanej bezpiecznej','','safety special22',1,1,2,12,'2014-08-18 16:47:56',12,'2014-08-18 16:47:56'),(34,1,36,'Waga pakietu 1m<sup>2</sup>','','weight special22',1,1,2,12,'2014-08-18 17:06:59',12,'2014-08-18 17:06:59'),(35,1,35,'Grubo szyb w pakiecie','','glass_size special22',1,1,2,12,'2014-08-18 17:30:47',12,'2014-08-18 17:50:49'),(36,1,1,'Dane dla wersji Amerykaskiej','',NULL,0,1,2,13,'2017-12-04 10:25:12',13,'2017-12-04 10:57:32');
/*!40000 ALTER TABLE `groups` ENABLE KEYS */;
UNLOCK TABLES;

--
-- Table structure for table `language`
--

DROP TABLE IF EXISTS `language`;
/*!40101 SET @saved_cs_client     = @@character_set_client */;
/*!40101 SET character_set_client = utf8 */;
CREATE TABLE `language` (
  `id` int(10) NOT NULL AUTO_INCREMENT,
  `prefix` varchar(10) NOT NULL,
  `created_at` datetime NOT NULL,
  `created_by` int(10) NOT NULL,
  `modified_at` datetime NOT NULL,
  `modified_by` int(10) NOT NULL,
  `name` varchar(20) CHARACTER SET utf8 COLLATE utf8_polish_ci NOT NULL,
  `default` tinyint(1) NOT NULL DEFAULT '2' COMMENT '1 - tak, 2 - nie',
  `status` int(11) NOT NULL,
  PRIMARY KEY (`id`)
) ENGINE=InnoDB AUTO_INCREMENT=14 DEFAULT CHARSET=latin1;
/*!40101 SET character_set_client = @saved_cs_client */;

--
-- Dumping data for table `language`
--

LOCK TABLES `language` WRITE;
/*!40000 ALTER TABLE `language` DISABLE KEYS */;
INSERT INTO `language` VALUES (1,'pl','2012-07-09 19:23:25',0,'0000-00-00 00:00:00',0,'Polski',1,1),(2,'en','2012-07-30 00:00:00',0,'2013-08-28 18:49:12',12,'English',2,1),(4,'ru','2012-12-27 00:00:00',0,'0000-00-00 00:00:00',0,'Russian',2,1),(5,'de','2013-07-26 17:51:06',0,'0000-00-00 00:00:00',0,'Deutsch',2,1),(6,'fr','2013-08-22 16:05:15',0,'0000-00-00 00:00:00',0,'Francuski',2,1),(7,'cs','2013-08-22 16:09:37',0,'0000-00-00 00:00:00',0,'Czeski',2,1),(8,'hu','2013-08-28 07:42:45',12,'2013-08-28 18:44:03',12,'Wgierski',2,1),(9,'tt','2013-08-28 18:24:36',12,'2013-08-28 18:24:36',12,'test',2,2),(10,'pl2','2013-08-28 18:26:51',12,'2013-08-28 18:26:51',12,'Polski',2,2),(11,'it','2017-02-07 21:42:26',14,'2017-02-07 22:03:19',14,'Woski',2,1),(12,'hr','2017-03-16 17:44:06',14,'2017-03-16 17:44:06',14,'Chorwacki',2,1),(13,'en_US','2017-12-04 11:49:46',13,'2017-12-04 11:49:46',13,'Amerykaski',2,1);
/*!40000 ALTER TABLE `language` ENABLE KEYS */;
UNLOCK TABLES;

--
-- Table structure for table `mail_send_queue`
--

DROP TABLE IF EXISTS `mail_send_queue`;
/*!40101 SET @saved_cs_client     = @@character_set_client */;
/*!40101 SET character_set_client = utf8 */;
CREATE TABLE `mail_send_queue` (
  `id` int(10) unsigned NOT NULL AUTO_INCREMENT,
  `newsletter_id` int(10) unsigned DEFAULT NULL,
  `email` varchar(100) COLLATE utf8_polish_ci NOT NULL,
  `template` varchar(100) COLLATE utf8_polish_ci NOT NULL,
  `options` longtext COLLATE utf8_polish_ci,
  `status` enum('to_send','repeat','error','sent') COLLATE utf8_polish_ci NOT NULL DEFAULT 'to_send',
  `priority` tinyint(1) NOT NULL DEFAULT '0' COMMENT '0-9',
  `repeat` tinyint(1) NOT NULL DEFAULT '0',
  `error` varchar(5000) COLLATE utf8_polish_ci DEFAULT NULL,
  `lock` int(1) NOT NULL DEFAULT '0',
  `aquired_at` datetime DEFAULT NULL,
  `created_at` datetime NOT NULL,
  `created_by` int(10) unsigned NOT NULL,
  `modified_at` datetime DEFAULT NULL,
  `modified_by` int(10) unsigned DEFAULT NULL,
  PRIMARY KEY (`id`)
) ENGINE=InnoDB AUTO_INCREMENT=19 DEFAULT CHARSET=utf8 COLLATE=utf8_polish_ci;
/*!40101 SET character_set_client = @saved_cs_client */;

--
-- Dumping data for table `mail_send_queue`
--

LOCK TABLES `mail_send_queue` WRITE;
/*!40000 ALTER TABLE `mail_send_queue` DISABLE KEYS */;
INSERT INTO `mail_send_queue` VALUES (3,NULL,'emctrakers@gmail.com','registration','a:2:{s:5:\"title\";s:40:\"pokoje-do-wynajecia.pl - Aktywacja konta\";s:4:\"code\";s:32:\"55f333b00c3cd872e9afc52918b0fd46\";}','sent',9,0,NULL,0,'2012-11-27 23:44:34','2012-11-27 23:44:32',0,NULL,NULL),(4,NULL,'emctrakers@gmail.com','forgetpassword','a:2:{s:12:\"key_reminder\";s:32:\"f531dc20fde20b7adf3a73f52b71d0af\";s:5:\"title\";s:17:\"Resetowanie hasla\";}','sent',0,0,NULL,0,'2013-02-01 22:20:17','2012-12-07 00:30:33',0,NULL,NULL),(5,NULL,'emctrakers@gmail.com','forgetpassword','a:2:{s:12:\"key_reminder\";s:32:\"e847d18006f6d945e8a9ee2f4d3e23f5\";s:5:\"title\";s:17:\"Resetowanie hasla\";}','sent',0,0,NULL,0,'2013-02-01 22:20:17','2012-12-30 20:06:30',12,NULL,NULL),(6,NULL,'emctrakers@gmail.com','forgetpassword','a:2:{s:12:\"key_reminder\";s:32:\"db2a4a429df66585144b89a9d2890c7c\";s:5:\"title\";s:17:\"Resetowanie hasla\";}','sent',0,0,NULL,0,'2012-12-30 20:12:29','2012-12-30 20:12:27',0,NULL,NULL),(7,NULL,'emctrakers@gmail.com','site_forgetpassword','a:2:{s:12:\"key_reminder\";s:32:\"f02a8fde79ddf5b978cd9ae9d408b7c1\";s:5:\"title\";s:17:\"Resetowanie hasla\";}','to_send',0,2,'exception \'Zend_View_Exception\' with message \'script \'template/site_forgetpassword.phtml\' not found in path (D:\\www\\shareart\\application/views/scripts/)\' in D:\\www\\shareart\\library\\Zend\\View\\Abstract.php:980\nStack trace:\n#0 D:\\www\\shareart\\library\\Zend\\View\\Abstract.php(876): Zend_View_Abstract->_script(\'template/site_f...\')\n#1 D:\\www\\shareart\\library\\Orion\\Model\\Mail.php(18): Zend_View_Abstract->render(\'template/site_f...\')\n#2 D:\\www\\shareart\\application\\models\\MailSendQueue\\Row.php(47): Orion_Model_Mail->render(\'site_forgetpass...\', \'a:2:{s:12:\"key_...\', \'pokoje-do-wynaj...\')\n#3 D:\\www\\shareart\\public\\cron\\mail.php(16): App_Model_MailSendQueue_Row->send()\n#4 {main}',0,NULL,'2012-12-30 20:14:25',0,NULL,NULL),(8,NULL,'emctrakers@gmail.com','site_forgetpassword','a:2:{s:12:\"key_reminder\";s:32:\"a9ddacdd8891788c87fb2a7f31fa1ca0\";s:5:\"title\";s:17:\"Resetowanie hasla\";}','sent',0,0,NULL,0,'2012-12-30 20:16:58','2012-12-30 20:16:50',0,NULL,NULL),(9,NULL,'krzysztof.nikiel@yetiz.pl','registration','a:2:{s:5:\"title\";s:40:\"pokoje-do-wynajecia.pl - Aktywacja konta\";s:4:\"code\";s:32:\"eaaab05200f0645e4451f748dc85ef7a\";}','sent',9,0,NULL,0,'2013-01-12 13:28:46','2013-01-12 13:28:42',0,NULL,NULL),(10,NULL,'emctrakers2@gmail.com','registration','a:2:{s:5:\"title\";s:40:\"pokoje-do-wynajecia.pl - Aktywacja konta\";s:4:\"code\";s:32:\"da0d1111d2dc5d489242e60ebcbaf988\";}','sent',9,0,NULL,0,'2013-01-12 13:35:52','2013-01-12 13:35:50',0,NULL,NULL),(11,NULL,'emctrakers@gmail.com','newsletter_activation','a:2:{s:5:\"title\";s:20:\"Zapis do newslettera\";s:4:\"code\";s:32:\"391177aa48863fe2e6b43208fed07be3\";}','sent',9,0,NULL,0,'2013-01-23 11:46:26','2013-01-23 11:46:25',0,NULL,NULL),(12,3,'emctrakers@gmail.com','newsletter/default','8be64f5ea8bd4076c00a9b0fea49189c','sent',8,0,NULL,0,'2013-02-01 22:20:17','2013-02-01 22:18:59',0,NULL,NULL),(13,3,'admin@admin.pl','newsletter/default','bb9866cabf57950faff6a0f8c26c9e0c','sent',8,0,NULL,0,'2013-02-01 22:20:17','2013-02-01 22:18:59',0,NULL,NULL),(14,NULL,'emctrakers@gmail.com','forgetpassword','a:2:{s:12:\"key_reminder\";s:32:\"920e6a69afa64c4b7c717a3ad8feae61\";s:5:\"title\";s:17:\"Resetowanie hasla\";}','to_send',0,0,NULL,0,NULL,'2014-01-18 11:28:20',0,NULL,NULL),(15,NULL,'emctrakers@gmail.com','forgetpassword','a:2:{s:12:\"key_reminder\";s:32:\"1255a5cfab4c94887e53a9b5139d5ad4\";s:5:\"title\";s:17:\"Resetowanie hasla\";}','to_send',0,0,NULL,0,NULL,'2014-01-18 11:48:56',0,NULL,NULL),(16,NULL,'info@tab2.pl','forgetpassword','a:2:{s:12:\"key_reminder\";s:32:\"fdf8ddd678cfdf6b95f4c74ceffd1dc8\";s:5:\"title\";s:17:\"Resetowanie hasla\";}','to_send',0,0,NULL,0,NULL,'2014-07-28 12:04:33',0,NULL,NULL),(17,NULL,'aleksandra.rzeszutko@pressglass.com','forgetpassword','a:2:{s:12:\"key_reminder\";s:32:\"fc1babd312bca65c21aa5b31c21d9ed0\";s:5:\"title\";s:17:\"Resetowanie hasla\";}','to_send',0,0,NULL,0,NULL,'2017-02-20 17:40:09',0,NULL,NULL),(18,NULL,'aleksandra.rzeszutko@pressglass.com','forgetpassword','a:2:{s:12:\"key_reminder\";s:32:\"ba7a5a48a8ea6a10e9de44b3050c9f88\";s:5:\"title\";s:17:\"Resetowanie hasla\";}','to_send',0,0,NULL,0,NULL,'2017-05-09 16:01:06',0,NULL,NULL);
/*!40000 ALTER TABLE `mail_send_queue` ENABLE KEYS */;
UNLOCK TABLES;

--
-- Table structure for table `pages`
--

DROP TABLE IF EXISTS `pages`;
/*!40101 SET @saved_cs_client     = @@character_set_client */;
/*!40101 SET character_set_client = utf8 */;
CREATE TABLE `pages` (
  `id` int(11) unsigned NOT NULL AUTO_INCREMENT,
  `parent_id` int(11) DEFAULT NULL,
  `depth` int(11) NOT NULL,
  `lft` tinyint(10) NOT NULL,
  `rgt` tinyint(10) NOT NULL,
  `language_id` int(10) NOT NULL,
  `image` varchar(255) DEFAULT NULL,
  `type` int(10) NOT NULL DEFAULT '1' COMMENT '1 - strona, 2 modu',
  `type_id` int(10) DEFAULT NULL COMMENT 'wystpuje w przypadku type 2 wpisuje si ID moduu id moduw w s w modelu',
  `url` varchar(255) CHARACTER SET utf8 COLLATE utf8_polish_ci NOT NULL,
  `full_url` varchar(255) CHARACTER SET utf8 COLLATE utf8_polish_ci NOT NULL,
  `link` varchar(255) CHARACTER SET utf8 COLLATE utf8_polish_ci DEFAULT NULL,
  `name` varchar(255) CHARACTER SET utf8 COLLATE utf8_polish_ci NOT NULL,
  `order` int(11) NOT NULL,
  `meta_title` longtext CHARACTER SET utf8 COLLATE utf8_polish_ci NOT NULL,
  `meta_description` longtext CHARACTER SET utf8 COLLATE utf8_polish_ci NOT NULL,
  `meta_keywords` longtext CHARACTER SET utf8 COLLATE utf8_polish_ci NOT NULL,
  `status` int(11) NOT NULL DEFAULT '1',
  `created_at` datetime NOT NULL,
  `created_by` int(11) unsigned NOT NULL,
  `modified_at` datetime DEFAULT NULL,
  `modified_by` int(11) unsigned DEFAULT NULL,
  PRIMARY KEY (`id`),
  KEY `language` (`language_id`),
  KEY `modified_by` (`modified_by`),
  KEY `created_by` (`created_by`),
  CONSTRAINT `pages_ibfk_1` FOREIGN KEY (`modified_by`) REFERENCES `users` (`id`) ON DELETE NO ACTION ON UPDATE NO ACTION,
  CONSTRAINT `pages_ibfk_2` FOREIGN KEY (`created_by`) REFERENCES `users` (`id`) ON DELETE NO ACTION ON UPDATE NO ACTION
) ENGINE=InnoDB AUTO_INCREMENT=118 DEFAULT CHARSET=latin1;
/*!40101 SET character_set_client = @saved_cs_client */;

--
-- Dumping data for table `pages`
--

LOCK TABLES `pages` WRITE;
/*!40000 ALTER TABLE `pages` DISABLE KEYS */;
INSERT INTO `pages` VALUES (1,NULL,1,1,14,1,NULL,1,1,'/','','','Strona Gwna',1,'Strona Gwna','','',1,'2012-07-10 19:41:53',12,'2012-07-10 19:41:53',12),(20,NULL,1,1,1,4,NULL,1,1,'/','','','Home',1,'Home','','',1,'2012-07-10 19:41:53',12,'2012-07-10 19:41:53',12),(64,NULL,1,1,4,2,NULL,1,NULL,'/','',NULL,'Home Page',1,'','','',1,'2012-07-10 19:41:53',12,'2012-07-10 19:41:53',12),(106,1,2,4,9,1,NULL,1,1,'portofolio','/portofolio','http://localhost/shareart/public/portofolio/realizacje','Portofolio',1,'Portofolio','','',1,'2012-11-15 22:26:45',12,'2012-11-15 22:26:45',12),(107,1,2,10,11,1,NULL,1,1,'polecamy','/polecamy','','Polecamy',2,'Polecamy','','',1,'2012-11-15 22:26:58',12,'2012-11-15 22:26:58',12),(108,1,2,12,13,1,NULL,2,2,'kontakt','/kontakt','','kontakt',3,'Kontakt','','',1,'2012-11-15 22:27:08',12,'2012-11-15 22:27:08',12),(110,1,2,2,3,1,'Lighthouse.jpg',1,2,'o-nas','/o-nas','','O nas',0,'O nas','','',1,'2012-11-24 11:47:19',12,'2012-11-24 11:47:19',12),(115,106,3,5,6,1,NULL,2,1,'realizacje','/portofolio/realizacje','','Realizacje',115,'Realizacje','','',1,'2013-01-16 22:47:59',12,'2013-01-16 22:47:59',12),(116,106,3,7,8,1,NULL,2,3,'projekty','/portofolio/projekty','','Projekty',116,'Projekty','','',1,'2013-01-16 22:48:11',12,'2013-01-16 22:48:11',12),(117,64,2,2,3,2,NULL,2,2,'test','/test','','test',117,'test','','',1,'2013-01-23 16:18:49',12,'2013-01-23 16:18:49',12);
/*!40000 ALTER TABLE `pages` ENABLE KEYS */;
UNLOCK TABLES;

--
-- Table structure for table `tokens`
--

DROP TABLE IF EXISTS `tokens`;
/*!40101 SET @saved_cs_client     = @@character_set_client */;
/*!40101 SET character_set_client = utf8 */;
CREATE TABLE `tokens` (
  `code` varchar(32) COLLATE utf8_polish_ci NOT NULL,
  `type` tinyint(11) NOT NULL COMMENT '1 - subskrybent aktywacja, 2 - subskrybent dezaktywacja, 3 rejestracja, 4 przypominanie hasa',
  `type_id` int(10) unsigned NOT NULL,
  `key_expiration_date` datetime NOT NULL,
  `status` tinyint(1) NOT NULL DEFAULT '1',
  `created_at` datetime NOT NULL,
  PRIMARY KEY (`code`)
) ENGINE=InnoDB DEFAULT CHARSET=utf8 COLLATE=utf8_polish_ci;
/*!40101 SET character_set_client = @saved_cs_client */;

--
-- Dumping data for table `tokens`
--

LOCK TABLES `tokens` WRITE;
/*!40000 ALTER TABLE `tokens` DISABLE KEYS */;
INSERT INTO `tokens` VALUES ('1255a5cfab4c94887e53a9b5139d5ad4',4,12,'2014-01-19 11:48:56',0,'2014-01-18 11:48:56'),('391177aa48863fe2e6b43208fed07be3',1,1,'2013-01-24 11:46:25',0,'2013-01-23 11:46:25'),('8be64f5ea8bd4076c00a9b0fea49189c',2,1,'2013-02-02 22:18:59',0,'2013-02-01 22:18:59'),('ba7a5a48a8ea6a10e9de44b3050c9f88',4,21,'2017-05-10 16:01:06',0,'2017-05-09 16:01:06'),('bb9866cabf57950faff6a0f8c26c9e0c',2,2,'2013-02-02 22:18:59',0,'2013-02-01 22:18:59'),('da0d1111d2dc5d489242e60ebcbaf988',3,14,'2013-01-13 13:35:50',0,'2013-01-12 13:35:50'),('eaaab05200f0645e4451f748dc85ef7a',3,13,'2013-01-13 13:28:42',0,'2013-01-12 13:28:42'),('fdf8ddd678cfdf6b95f4c74ceffd1dc8',4,13,'2014-07-29 12:04:33',0,'2014-07-28 12:04:33');
/*!40000 ALTER TABLE `tokens` ENABLE KEYS */;
UNLOCK TABLES;

--
-- Table structure for table `users`
--

DROP TABLE IF EXISTS `users`;
/*!40101 SET @saved_cs_client     = @@character_set_client */;
/*!40101 SET character_set_client = utf8 */;
CREATE TABLE `users` (
  `id` int(11) unsigned NOT NULL AUTO_INCREMENT,
  `password` varchar(40) COLLATE utf8_polish_ci NOT NULL,
  `email` varchar(100) COLLATE utf8_polish_ci NOT NULL,
  `status` tinyint(5) unsigned NOT NULL DEFAULT '0' COMMENT '0-niekatywny, 1- aktywny, 2- zbanowany, 3-usuniety',
  `language_id` int(10) NOT NULL DEFAULT '1',
  `role` enum('developer','sadmin','admin','member','guest') COLLATE utf8_polish_ci NOT NULL DEFAULT 'member',
  `firstname` varchar(45) COLLATE utf8_polish_ci DEFAULT NULL,
  `lastname` varchar(45) COLLATE utf8_polish_ci DEFAULT NULL,
  `gender` tinyint(5) unsigned NOT NULL DEFAULT '1' COMMENT '0 - female, 1- male',
  `birth_date` date DEFAULT NULL,
  `phone` varchar(32) COLLATE utf8_polish_ci DEFAULT NULL,
  `city` varchar(32) COLLATE utf8_polish_ci DEFAULT NULL,
  `area_code` varchar(6) COLLATE utf8_polish_ci DEFAULT NULL,
  `street` varchar(32) COLLATE utf8_polish_ci DEFAULT NULL,
  `province` int(11) DEFAULT NULL,
  `about_me` longtext COLLATE utf8_polish_ci,
  `smoke` varchar(32) COLLATE utf8_polish_ci DEFAULT NULL,
  `newsletter_agree` tinyint(1) DEFAULT '0' COMMENT '1 - tak, 0 - nie',
  `photo` longtext COLLATE utf8_polish_ci,
  `last_log_in` datetime DEFAULT NULL,
  `last_memory_log_in` datetime DEFAULT NULL,
  `last_failed_log_in` datetime DEFAULT NULL,
  `last_ip_log_in` varchar(40) COLLATE utf8_polish_ci DEFAULT NULL,
  `created_at` datetime NOT NULL,
  `created_by` tinyint(5) DEFAULT NULL,
  `modified_at` datetime DEFAULT NULL,
  `modified_by` tinyint(5) DEFAULT NULL,
  PRIMARY KEY (`id`)
) ENGINE=InnoDB AUTO_INCREMENT=23 DEFAULT CHARSET=utf8 COLLATE=utf8_polish_ci;
/*!40101 SET character_set_client = @saved_cs_client */;

--
-- Dumping data for table `users`
--

LOCK TABLES `users` WRITE;
/*!40000 ALTER TABLE `users` DISABLE KEYS */;
INSERT INTO `users` VALUES (12,'452a486a99f1e9a92ca3084760c2e8019538233f','emctrakers@gmail.com',0,1,'developer','Krzysztof','Nikiel',1,'1986-12-22','','Wialmwocie','43-330','Latosiksiego 6',1,'Lorem ipsum dolor sit amet, consectetur adipiscing elit. Cras sit amet magna turpis, eu dignissim eros. Suspendisse potenti. Maecenas tincidunt commodo risus, sit amet mattis neque facilisis et. Donec ligula orci, pretium eu vulputate id, viverra pharetra erat. Ut at nunc magna. Fusce elementum velit eget enim fringilla ornare. Aenean commodo, tellus eleifend luctus lacinia, dolor sapien semper metus, sollicitudin tristique leo enim quis nulla. Curabitur suscipit nunc id orci porttitor eleifend. Vestibulum sit amet arcu ipsum. Maecenas sit amet libero commodo urna pulvinar ultrices posuere sed leo. Sed varius, dui sit amet lobortis ultrices, sem orci ornare augue, id tempor sapien sapien in tellus. Donec nibh ipsum, cursus vitae gravida volutpat, lacinia non nisi.','0',0,'/upload/profile/12/Koala.jpg','2014-09-04 14:52:39','2014-09-04 15:29:27','2014-12-29 08:31:39',NULL,'2012-11-27 23:44:32',0,NULL,NULL),(13,'2575455fd8400b646b60a8f69c1f8b8356da5f40','info@tab2.pl',1,1,'sadmin',NULL,NULL,1,NULL,NULL,NULL,NULL,NULL,NULL,NULL,NULL,0,NULL,'2018-01-18 12:37:01','2018-01-26 18:44:05','2018-01-11 13:02:04',NULL,'2014-01-18 11:49:49',12,NULL,NULL),(14,'bccfa44c8db9d9a05848afaa6f272beb4b71abb4','adam.nowak@tab2.pl',1,1,'admin',NULL,NULL,1,NULL,NULL,NULL,NULL,NULL,NULL,NULL,NULL,0,NULL,'2014-02-09 11:36:33','2015-07-20 12:05:03','2015-08-19 11:04:11',NULL,'2014-02-03 17:04:58',13,NULL,NULL),(15,'447911c7e9fcc8db480db881c1bc17649a1e05d9','gerard.plaze@pressglass.eu',1,1,'admin',NULL,NULL,1,NULL,NULL,NULL,NULL,NULL,NULL,NULL,NULL,0,NULL,'2014-09-12 13:48:52','2014-09-29 12:16:07','2014-07-04 11:50:53',NULL,'2014-02-04 18:01:42',13,NULL,NULL),(16,'177b601b3a7949d206c16c4f3a471c5239c506ca','olga.marciniak@pressglass.eu',1,1,'admin',NULL,NULL,1,NULL,NULL,NULL,NULL,NULL,NULL,NULL,NULL,0,NULL,'2014-07-09 14:29:40','2014-07-28 12:07:19',NULL,NULL,'2014-06-05 14:46:33',13,NULL,NULL),(17,'a82bfd23636292f19c7663684be63713dc04dfe2','mmarchewicz@wp.pl',0,1,'developer','Krzysztof','Nikiel',1,'1986-12-22','','Wialmwocie','43-330','Latosiksiego 6',1,'Lorem ipsum dolor sit amet, consectetur adipiscing elit. Cras sit amet magna turpis, eu dignissim eros. Suspendisse potenti. Maecenas tincidunt commodo risus, sit amet mattis neque facilisis et. Donec ligula orci, pretium eu vulputate id, viverra pharetra erat. Ut at nunc magna. Fusce elementum velit eget enim fringilla ornare. Aenean commodo, tellus eleifend luctus lacinia, dolor sapien semper metus, sollicitudin tristique leo enim quis nulla. Curabitur suscipit nunc id orci porttitor eleifend. Vestibulum sit amet arcu ipsum. Maecenas sit amet libero commodo urna pulvinar ultrices posuere sed leo. Sed varius, dui sit amet lobortis ultrices, sem orci ornare augue, id tempor sapien sapien in tellus. Donec nibh ipsum, cursus vitae gravida volutpat, lacinia non nisi.','0',0,'/upload/profile/12/Koala.jpg','2014-09-04 15:29:27','2014-12-29 08:32:43','2014-12-29 08:31:39',NULL,'2012-11-27 23:44:32',0,NULL,NULL),(18,'dff0dd70f8f7be3d056633d7fa4a3b504931adb3','pr@pressglass.eu',1,1,'sadmin',NULL,NULL,1,NULL,NULL,NULL,NULL,NULL,NULL,NULL,NULL,0,NULL,'2016-02-12 09:21:30','2016-03-04 11:34:16','2015-07-17 08:25:33',NULL,'2015-03-23 12:31:50',13,NULL,NULL),(19,'1e7c43168a82cec36e4a249e256d575cc66ac23d','jolanta.przybylska@tab2.pl',1,1,'sadmin',NULL,NULL,1,NULL,NULL,NULL,NULL,NULL,NULL,NULL,NULL,0,NULL,'2015-07-09 13:00:14','2015-07-16 15:55:07',NULL,NULL,'2015-07-09 11:43:32',13,NULL,NULL),(20,'fdf94c4b89649c28e0fa0546ba9cac125c14ccc5','ppanasiuk@nearshoring-solutions.com',1,1,'developer',NULL,NULL,1,NULL,NULL,NULL,NULL,NULL,NULL,NULL,NULL,0,NULL,'2016-01-26 07:38:44','2016-02-03 09:14:57','2014-07-28 12:06:41',NULL,'2014-02-03 17:04:58',13,NULL,NULL),(21,'f63116e105956dc72c32b83bacecb5f73e82eae4','aleksandra.rzeszutko@pressglass.com',1,1,'admin',NULL,NULL,1,NULL,NULL,NULL,NULL,NULL,NULL,NULL,NULL,0,NULL,'2018-01-15 11:46:30','2018-01-15 13:41:51','2017-05-09 16:00:52',NULL,'2016-06-28 12:17:43',13,NULL,NULL),(22,'173bc084be60baaaeb18fa52810cedf698a54bb4','krzysztof.samelko@tab2.pl',1,1,'sadmin',NULL,NULL,1,NULL,NULL,NULL,NULL,NULL,NULL,NULL,NULL,0,NULL,NULL,'2017-11-06 11:59:12',NULL,NULL,'2017-11-06 11:58:55',13,NULL,NULL);
/*!40000 ALTER TABLE `users` ENABLE KEYS */;
UNLOCK TABLES;
/*!40103 SET TIME_ZONE=@OLD_TIME_ZONE */;

/*!40101 SET SQL_MODE=@OLD_SQL_MODE */;
/*!40014 SET FOREIGN_KEY_CHECKS=@OLD_FOREIGN_KEY_CHECKS */;
/*!40014 SET UNIQUE_CHECKS=@OLD_UNIQUE_CHECKS */;
/*!40101 SET CHARACTER_SET_CLIENT=@OLD_CHARACTER_SET_CLIENT */;
/*!40101 SET CHARACTER_SET_RESULTS=@OLD_CHARACTER_SET_RESULTS */;
/*!40101 SET COLLATION_CONNECTION=@OLD_COLLATION_CONNECTION */;
/*!40111 SET SQL_NOTES=@OLD_SQL_NOTES */;

-- Dump completed on 2018-02-28  9:08:14
